transaction_date,brand_name,outlet_name,no_of_ads,ad_spend,clicks,impressions,reach,year_month
2020-01-01,Pizzeria,Pizzeria - Central,4,92.53999999999999,154.0,20975.0,18336.0,2020-01
2020-01-01,The Beach,The Beach,1,1.1,6.0,162.0,162.0,2020-01
2020-01-02,Louvré,Louvré,1,2.69,16.0,344.0,337.0,2020-01
2020-01-02,Pizzeria,Pizzeria - Central,4,92.99000000000001,160.0,22626.0,20375.0,2020-01
2020-01-03,Louvré,Louvré,1,4.94,38.0,955.0,927.0,2020-01
2020-01-03,Pizzeria,Pizzeria - Central,4,94.47,147.0,23366.0,20726.0,2020-01
2020-01-04,Louvré,Louvré,1,4.97,26.0,1190.0,1165.0,2020-01
2020-01-04,Pizzeria,Pizzeria - Central,4,76.94,104.0,15969.0,14417.0,2020-01
2020-01-05,Louvré,Louvré,1,5.11,13.0,1041.0,1018.0,2020-01
2020-01-05,Pizzeria,Pizzeria - Central,4,48.13,66.0,9897.0,8886.0,2020-01
2020-01-05,The Brunch Place,The Brunch Place - Central,2,7.65,32.0,893.0,844.0,2020-01
2020-01-06,Louvré,Louvré,2,8.42,25.0,1742.0,1611.0,2020-01
2020-01-06,Pizzeria,Pizzeria - Central,4,50.66,67.0,10574.0,9576.0,2020-01
2020-01-06,The Brunch Place,The Brunch Place - Central,2,18.27,83.0,2230.0,1977.0,2020-01
2020-01-07,Louvré,Louvré,2,5.22,21.0,1061.0,923.0,2020-01
2020-01-07,Pizzeria,Pizzeria - Central,4,48.82,101.0,11616.0,10479.0,2020-01
2020-01-07,The Brunch Place,The Brunch Place - Central,2,18.65,91.0,2273.0,1997.0,2020-01
2020-01-08,Louvré,Louvré,1,3.38,5.0,577.0,451.0,2020-01
2020-01-08,Pizzeria,Pizzeria - Central,4,49.94,77.0,11550.0,10434.0,2020-01
2020-01-08,The Brunch Place,The Brunch Place - Central,2,17.900000000000002,106.0,2486.0,2328.0,2020-01
2020-01-09,Louvré,Louvré,1,3.14,12.0,460.0,353.0,2020-01
2020-01-09,Pizzeria,Pizzeria - Central,4,47.22,65.0,8208.0,7407.0,2020-01
2020-01-09,The Brunch Place,The Brunch Place - Central,2,15.98,95.0,2366.0,2217.0,2020-01
2020-01-10,Louvré,Louvré,1,3.34,1.0,442.0,352.0,2020-01
2020-01-10,Pizzeria,Pizzeria - Central,4,50.629999999999995,88.0,9862.0,9120.0,2020-01
2020-01-10,The Brunch Place,The Brunch Place - Central,3,28.71,143.0,3061.0,2729.0,2020-01
2020-01-11,Louvré,Louvré,1,3.24,5.0,373.0,280.0,2020-01
2020-01-11,Pizzeria,Pizzeria - Central,4,50.95,113.0,10550.0,9701.0,2020-01
2020-01-11,The Brunch Place,The Brunch Place - Central,3,30.19,183.0,3750.0,3316.0,2020-01
2020-01-12,Louvré,Louvré,1,3.51,9.0,501.0,369.0,2020-01
2020-01-12,Pizzeria,Pizzeria - Central,4,50.480000000000004,107.0,10845.0,9972.0,2020-01
2020-01-12,The Brunch Place,The Brunch Place - Central,3,21.630000000000003,80.0,3334.0,3155.0,2020-01
2020-01-13,Louvré,Louvré,1,3.68,11.0,589.0,473.0,2020-01
2020-01-13,Pizzeria,Pizzeria - Central,4,51.39,100.0,9972.0,9106.0,2020-01
2020-01-13,The Brunch Place,The Brunch Place - Central,2,18.85,106.0,3343.0,3139.0,2020-01
2020-01-14,Louvré,Louvré,1,3.48,7.0,781.0,691.0,2020-01
2020-01-14,Pizzeria,Pizzeria - Central,4,51.22,128.0,10451.0,9584.0,2020-01
2020-01-14,The Brunch Place,The Brunch Place - Central,2,19.580000000000002,78.0,3790.0,3596.0,2020-01
2020-01-15,Louvré,Louvré,1,3.41,16.0,839.0,744.0,2020-01
2020-01-15,Pizzeria,Pizzeria - Central,4,44.08,93.0,9155.0,8301.0,2020-01
2020-01-15,The Brunch Place,The Brunch Place - Central,2,19.65,102.0,3689.0,3516.0,2020-01
2020-01-16,Louvré,Louvré,2,2.69,18.0,810.0,774.0,2020-01
2020-01-16,Pizzeria,Pizzeria - Central,4,39.2,83.0,8839.0,7947.0,2020-01
2020-01-16,The Brunch Place,The Brunch Place - Central,2,12.94,59.0,2171.0,2099.0,2020-01
2020-01-17,Louvré,Louvré,1,3.43,19.0,1339.0,1214.0,2020-01
2020-01-17,Pizzeria,Pizzeria - Central,4,39.85,69.0,8801.0,7918.0,2020-01
2020-01-18,Louvré,Louvré,1,3.55,12.0,1027.0,908.0,2020-01
2020-01-18,Pizzeria,Pizzeria - Central,4,38.94,68.0,7760.0,6993.0,2020-01
2020-01-19,Louvré,Louvré,1,3.46,17.0,863.0,745.0,2020-01
2020-01-19,Pizzeria,Pizzeria - Central,6,34.58,48.0,7232.0,6668.0,2020-01
2020-01-19,The Brunch Place,The Brunch Place - Central,2,8.53,21.0,2249.0,2075.0,2020-01
2020-01-20,Louvré,Louvré,1,3.41,10.0,1118.0,1007.0,2020-01
2020-01-20,Pizzeria,Pizzeria - Central,6,36.53,71.0,10332.0,9796.0,2020-01
2020-01-20,The Brunch Place,The Brunch Place - Central,2,19.33,50.0,6115.0,5643.0,2020-01
2020-01-21,Louvré,Louvré,1,3.72,31.0,2058.0,1911.0,2020-01
2020-01-21,Pizzeria,Pizzeria - Central,8,57.25999999999999,143.0,16862.0,15971.0,2020-01
2020-01-21,The Brunch Place,The Brunch Place - Central,2,19.919999999999998,45.0,5494.0,4803.0,2020-01
2020-01-22,Louvré,Louvré,1,3.31,26.0,1164.0,1034.0,2020-01
2020-01-22,Pizzeria,Pizzeria - Central,6,32.27,53.0,8304.0,7636.0,2020-01
2020-01-22,The Beach,The Beach,1,1.06,1.0,174.0,155.0,2020-01
2020-01-22,The Brunch Place,The Brunch Place - Central,2,19.25,41.0,4897.0,4209.0,2020-01
2020-01-23,Louvré,Louvré,1,3.36,18.0,1095.0,971.0,2020-01
2020-01-23,Pizzeria,Pizzeria - Central,7,34.88,106.0,12538.0,10450.0,2020-01
2020-01-23,The Beach,The Beach,1,4.86,4.0,613.0,405.0,2020-01
2020-01-23,The Brunch Place,The Brunch Place - Central,2,20.5,49.0,6613.0,5975.0,2020-01
2020-01-24,Louvré,Louvré,1,3.5,9.0,829.0,727.0,2020-01
2020-01-24,Pizzeria,Pizzeria - Central,7,37.67,96.0,12149.0,10395.0,2020-01
2020-01-24,The Beach,The Beach,1,5.3,4.0,611.0,422.0,2020-01
2020-01-24,The Brunch Place,The Brunch Place - Central,2,19.21,38.0,5296.0,4780.0,2020-01
2020-01-25,Louvré,Louvré,1,3.78,12.0,856.0,754.0,2020-01
2020-01-25,Pizzeria,Pizzeria - Central,7,55.89,103.0,18289.0,15621.0,2020-01
2020-01-25,The Beach,The Beach,1,4.73,11.0,560.0,392.0,2020-01
2020-01-25,The Brunch Place,The Brunch Place - Central,2,20.439999999999998,37.0,4225.0,3727.0,2020-01
2020-01-26,Louvré,Louvré,1,2.26,10.0,462.0,410.0,2020-01
2020-01-26,Pizzeria,Pizzeria - Central,7,58.58,119.0,18530.0,14695.0,2020-01
2020-01-26,The Beach,The Beach,1,4.97,10.0,699.0,489.0,2020-01
2020-01-26,The Brunch Place,The Brunch Place - Central,2,20.14,20.0,3657.0,3122.0,2020-01
2020-01-27,Pizzeria,Pizzeria - Central,7,61.59,92.0,14348.0,12486.0,2020-01
2020-01-27,The Beach,The Beach,1,4.08,5.0,698.0,561.0,2020-01
2020-01-27,The Brunch Place,The Brunch Place - Central,2,20.450000000000003,32.0,4422.0,3804.0,2020-01
2020-01-28,Pizzeria,Pizzeria - Central,7,59.31,125.0,18853.0,16339.0,2020-01
2020-01-28,The Brunch Place,The Brunch Place - Central,2,20.11,24.0,6354.0,5722.0,2020-01
2020-01-29,Louvré,Louvré,2,6.66,45.0,1131.0,1105.0,2020-01
2020-01-29,Pizzeria,Pizzeria - Central,7,61.370000000000005,118.0,20312.0,16327.0,2020-01
2020-01-29,The Brunch Place,The Brunch Place - Central,2,20.46,40.0,5197.0,4521.0,2020-01
2020-01-30,Louvré,Louvré,3,20.34,98.0,2852.0,2590.0,2020-01
2020-01-30,Pizzeria,Pizzeria - Central,7,78.4,143.0,17882.0,15358.0,2020-01
2020-01-30,The Brunch Place,The Brunch Place - Central,3,25.3,85.0,5830.0,5244.0,2020-01
2020-01-31,Louvré,Louvré,3,16.28,75.0,2607.0,2444.0,2020-01
2020-01-31,Pizzeria,Pizzeria - Central,7,88.09,157.0,19948.0,17093.0,2020-01
2020-01-31,The Brunch Place,The Brunch Place - Central,3,20.93,55.0,5142.0,4525.0,2020-01
2020-02-01,Louvré,Louvré,3,13.990000000000002,52.0,2725.0,2522.0,2020-02
2020-02-01,Pizzeria,Pizzeria - Central,5,62.68,125.0,17479.0,15170.0,2020-02
2020-02-01,The Brunch Place,The Brunch Place - Central,3,20.33,91.0,6412.0,5758.0,2020-02
2020-02-02,Louvré,Louvré,3,13.91,75.0,2801.0,2636.0,2020-02
2020-02-02,Pizzeria,Pizzeria - Central,5,59.900000000000006,94.0,13079.0,11745.0,2020-02
2020-02-02,The Brunch Place,The Brunch Place - Central,3,33.84,116.0,11275.0,10591.0,2020-02
2020-02-03,Louvré,Louvré,3,10.57,51.0,1812.0,1666.0,2020-02
2020-02-03,Pizzeria,Pizzeria - Central,5,62.24,118.0,12725.0,11446.0,2020-02
2020-02-03,The Brunch Place,The Brunch Place - Central,2,29.25,92.0,6871.0,6533.0,2020-02
2020-02-04,Louvré,Louvré,2,8.5,64.0,2347.0,2134.0,2020-02
2020-02-04,Pizzeria,Pizzeria - Central,5,52.25,109.0,13237.0,12107.0,2020-02
2020-02-04,The Brunch Place,The Brunch Place - Central,2,30.479999999999997,75.0,6618.0,6272.0,2020-02
2020-02-05,Louvré,Louvré,2,8.07,46.0,2385.0,2161.0,2020-02
2020-02-05,Pizzeria,Pizzeria - Central,5,42.3,114.0,12084.0,11347.0,2020-02
2020-02-05,The Brunch Place,The Brunch Place - Central,3,26.31,112.0,7993.0,7404.0,2020-02
2020-02-06,Louvré,Louvré,2,8.52,49.0,2415.0,2252.0,2020-02
2020-02-06,Pizzeria,Pizzeria - Central,5,43.22,104.0,13358.0,12506.0,2020-02
2020-02-06,The Brunch Place,The Brunch Place - Central,3,34.71,119.0,9664.0,8526.0,2020-02
2020-02-07,Louvré,Louvré,2,7.0600000000000005,38.0,1562.0,1419.0,2020-02
2020-02-07,Pizzeria,Pizzeria - Central,5,44.75,78.0,10524.0,9813.0,2020-02
2020-02-07,The Brunch Place,The Brunch Place - Central,3,38.82,115.0,8444.0,7381.0,2020-02
2020-02-08,Louvré,Louvré,1,4.68,19.0,893.0,754.0,2020-02
2020-02-08,Pizzeria,Pizzeria - Central,5,45.77,96.0,10571.0,9800.0,2020-02
2020-02-08,The Brunch Place,The Brunch Place - Central,4,47.98,153.0,10648.0,9648.0,2020-02
2020-02-09,Louvré,Louvré,1,4.96,17.0,811.0,705.0,2020-02
2020-02-09,Pizzeria,Pizzeria - Central,5,45.339999999999996,75.0,10794.0,10038.0,2020-02
2020-02-09,The Brunch Place,The Brunch Place - Central,3,26.16,88.0,5659.0,5150.0,2020-02
2020-02-10,Louvré,Louvré,1,1.46,9.0,173.0,166.0,2020-02
2020-02-10,Pizzeria,Pizzeria - Central,5,45.93,74.0,10525.0,9947.0,2020-02
2020-02-10,The Brunch Place,The Brunch Place - Central,1,15.35,52.0,3744.0,3548.0,2020-02
2020-02-11,Pizzeria,Pizzeria - Central,5,45.64,97.0,11809.0,11110.0,2020-02
2020-02-11,The Brunch Place,The Brunch Place - Central,1,1.69,5.0,515.0,511.0,2020-02
2020-02-12,Pizzeria,Pizzeria - Central,5,44.730000000000004,109.0,12059.0,11230.0,2020-02
2020-02-12,The Beach,The Beach,1,2.56,59.0,477.0,432.0,2020-02
2020-02-12,The Brunch Place,The Brunch Place - Central,1,2.2,14.0,658.0,620.0,2020-02
2020-02-13,Pizzeria,Pizzeria - Central,5,43.83,86.0,9848.0,9321.0,2020-02
2020-02-13,The Beach,The Beach,1,5.78,153.0,1315.0,1015.0,2020-02
2020-02-13,The Brunch Place,The Brunch Place - Central,3,14.26,81.0,4429.0,4039.0,2020-02
2020-02-14,Pizzeria,Pizzeria - Central,9,39.25,67.0,7745.0,7530.0,2020-02
2020-02-14,The Beach,The Beach,1,6.14,147.0,1191.0,1118.0,2020-02
2020-02-14,The Brunch Place,The Brunch Place - Central,3,21.009999999999998,95.0,6097.0,5529.0,2020-02
2020-02-15,Pizzeria,Pizzeria - Central,5,37.37,127.0,9870.0,9629.0,2020-02
2020-02-15,The Beach,The Beach,1,6.07,135.0,1404.0,1322.0,2020-02
2020-02-15,The Brunch Place,The Brunch Place - Central,5,25.73,113.0,6821.0,6206.0,2020-02
2020-02-16,Pizzeria,Pizzeria - Central,5,37.910000000000004,146.0,12531.0,12308.0,2020-02
2020-02-16,The Beach,The Beach,1,6.24,123.0,1382.0,1300.0,2020-02
2020-02-16,The Brunch Place,The Brunch Place - Central,5,29.59,121.0,6012.0,5279.0,2020-02
2020-02-17,Pizzeria,Pizzeria - Central,5,39.89,116.0,12117.0,11947.0,2020-02
2020-02-17,The Beach,The Beach,1,3.21,42.0,609.0,602.0,2020-02
2020-02-17,The Brunch Place,The Brunch Place - Central,4,26.45,127.0,4962.0,4165.0,2020-02
2020-02-18,Pizzeria,Pizzeria - Central,5,37.45,137.0,11190.0,11024.0,2020-02
2020-02-18,The Brunch Place,The Brunch Place - Central,4,27.590000000000003,126.0,5644.0,4788.0,2020-02
2020-02-19,Pizzeria,Pizzeria - Central,5,33.98,172.0,12712.0,12473.0,2020-02
2020-02-19,The Beach,The Beach,1,2.36,19.0,376.0,321.0,2020-02
2020-02-19,The Brunch Place,The Brunch Place - Central,4,26.03,105.0,5657.0,4729.0,2020-02
2020-02-20,Louvré,Louvré,1,6.69,159.0,1788.0,1728.0,2020-02
2020-02-20,Pizzeria,Pizzeria - Central,5,35.91,96.0,10459.0,10142.0,2020-02
2020-02-20,The Beach,The Beach,1,5.96,24.0,753.0,540.0,2020-02
2020-02-20,The Brunch Place,The Brunch Place - Central,4,26.819999999999997,148.0,6633.0,5974.0,2020-02
2020-02-21,Louvré,Louvré,1,12.83,354.0,3560.0,3441.0,2020-02
2020-02-21,Pizzeria,Pizzeria - Central,5,34.9,63.0,9482.0,9104.0,2020-02
2020-02-21,The Beach,The Beach,1,5.97,12.0,787.0,565.0,2020-02
2020-02-21,The Brunch Place,The Brunch Place - Central,4,26.119999999999997,109.0,5910.0,5301.0,2020-02
2020-02-22,Louvré,Louvré,2,14.31,394.0,6870.0,6773.0,2020-02
2020-02-22,Pizzeria,Pizzeria - Central,7,57.650000000000006,122.0,14931.0,14448.0,2020-02
2020-02-22,The Beach,The Beach,1,6.23,10.0,855.0,634.0,2020-02
2020-02-22,The Brunch Place,The Brunch Place - Central,3,23.46,92.0,4398.0,3869.0,2020-02
2020-02-23,Louvré,Louvré,2,16.38,327.0,7049.0,6698.0,2020-02
2020-02-23,Pizzeria,Pizzeria - Central,7,59.19,187.0,15468.0,14875.0,2020-02
2020-02-23,The Beach,The Beach,1,6.02,10.0,804.0,590.0,2020-02
2020-02-23,The Brunch Place,The Brunch Place - Central,3,23.17,96.0,4741.0,4213.0,2020-02
2020-02-24,Louvré,Louvré,2,11.52,185.0,4278.0,4116.0,2020-02
2020-02-24,Pizzeria,Pizzeria - Central,7,61.36,185.0,11329.0,10828.0,2020-02
2020-02-24,The Beach,The Beach,1,6.5,18.0,929.0,700.0,2020-02
2020-02-24,The Brunch Place,The Brunch Place - Central,3,22.43,84.0,4200.0,3772.0,2020-02
2020-02-25,Louvré,Louvré,1,4.96,17.0,1262.0,1154.0,2020-02
2020-02-25,Pizzeria,Pizzeria - Central,7,70.36,192.0,13039.0,12261.0,2020-02
2020-02-25,The Beach,The Beach,1,6.08,8.0,993.0,720.0,2020-02
2020-02-25,The Brunch Place,The Brunch Place - Central,3,17.07,91.0,3595.0,3294.0,2020-02
2020-02-26,Louvré,Louvré,1,5.11,26.0,991.0,853.0,2020-02
2020-02-26,Pizzeria,Pizzeria - Central,9,85.75,239.0,20620.0,19772.0,2020-02
2020-02-26,The Beach,The Beach,1,6.38,10.0,985.0,700.0,2020-02
2020-02-26,The Brunch Place,The Brunch Place - Central,1,6.37,31.0,1717.0,1590.0,2020-02
2020-02-27,Louvré,Louvré,1,3.2,17.0,521.0,502.0,2020-02
2020-02-27,Pizzeria,Pizzeria - Central,9,85.32,160.0,19410.0,18622.0,2020-02
2020-02-27,The Beach,The Beach,1,4.5,6.0,696.0,562.0,2020-02
2020-02-27,The Brunch Place,The Brunch Place - Central,1,6.04,24.0,1197.0,1110.0,2020-02
2020-02-28,Pizzeria,Pizzeria - Central,9,89.11999999999999,185.0,19025.0,18320.0,2020-02
2020-02-28,The Brunch Place,The Brunch Place - Central,1,6.18,17.0,1155.0,1070.0,2020-02
2020-02-29,Pizzeria,Pizzeria - Central,9,65.80000000000001,113.0,13124.0,12711.0,2020-02
2020-02-29,The Brunch Place,The Brunch Place - Central,3,23.08,50.0,3815.0,3697.0,2020-02
2020-03-01,Louvré,Louvré,1,1.42,1.0,211.0,210.0,2020-03
2020-03-01,Pizzeria,Pizzeria - Central,9,43.489999999999995,83.0,11894.0,11563.0,2020-03
2020-03-01,The Brunch Place,The Brunch Place - Central,4,27.51,66.0,5771.0,5604.0,2020-03
2020-03-02,Louvré,Louvré,1,3.75,4.0,969.0,955.0,2020-03
2020-03-02,Pizzeria,Pizzeria - Central,9,44.349999999999994,92.0,9988.0,9660.0,2020-03
2020-03-02,The Brunch Place,The Brunch Place - Central,4,30.91,70.0,6620.0,6429.0,2020-03
2020-03-03,Louvré,Louvré,1,3.52,2.0,925.0,913.0,2020-03
2020-03-03,Pizzeria,Pizzeria - Central,9,45.56,127.0,14655.0,14167.0,2020-03
2020-03-03,The Brunch Place,The Brunch Place - Central,4,28.6,82.0,6873.0,6647.0,2020-03
2020-03-04,Louvré,Louvré,1,3.45,5.0,981.0,969.0,2020-03
2020-03-04,Pizzeria,Pizzeria - Central,9,44.59,131.0,17629.0,17101.0,2020-03
2020-03-04,The Brunch Place,The Brunch Place - Central,2,8.74,24.0,1329.0,1239.0,2020-03
2020-03-05,Louvré,Louvré,2,6.71,48.0,2596.0,2548.0,2020-03
2020-03-05,Pizzeria,Pizzeria - Central,9,44.51,106.0,12279.0,11812.0,2020-03
2020-03-05,The Brunch Place,The Brunch Place - Central,2,8.27,15.0,1256.0,1172.0,2020-03
2020-03-06,Louvré,Louvré,3,11.89,97.0,4800.0,4683.0,2020-03
2020-03-06,Pizzeria,Pizzeria - Central,9,45.07,121.0,14443.0,14065.0,2020-03
2020-03-06,The Beach,The Beach,1,2.71,24.0,335.0,312.0,2020-03
2020-03-06,The Brunch Place,The Brunch Place - Central,2,8.65,18.0,1254.0,1186.0,2020-03
2020-03-07,Louvré,Louvré,3,13.190000000000001,85.0,4507.0,4420.0,2020-03
2020-03-07,Pizzeria,Pizzeria - Central,9,42.620000000000005,101.0,13316.0,12975.0,2020-03
2020-03-07,The Beach,The Beach,1,3.97,17.0,549.0,510.0,2020-03
2020-03-07,The Brunch Place,The Brunch Place - Central,3,22.25,51.0,4187.0,4044.0,2020-03
2020-03-08,Louvré,Louvré,3,11.66,59.0,3365.0,3295.0,2020-03
2020-03-08,Pizzeria,Pizzeria - Central,11,30.759999999999998,68.0,7687.0,7477.0,2020-03
2020-03-08,The Beach,The Beach,1,3.77,8.0,456.0,434.0,2020-03
2020-03-08,The Brunch Place,The Brunch Place - Central,3,19.54,40.0,3085.0,2942.0,2020-03
2020-03-09,Louvré,Louvré,2,9.99,70.0,2994.0,2934.0,2020-03
2020-03-09,Pizzeria,Pizzeria - Central,11,38.410000000000004,92.0,8029.0,7775.0,2020-03
2020-03-09,The Beach,The Beach,1,3.79,15.0,379.0,361.0,2020-03
2020-03-09,The Brunch Place,The Brunch Place - Central,2,21.240000000000002,51.0,3633.0,3486.0,2020-03
2020-03-10,Louvré,Louvré,2,9.66,59.0,3297.0,3232.0,2020-03
2020-03-10,Pizzeria,Pizzeria - Central,11,51.19,101.0,12375.0,11944.0,2020-03
2020-03-10,The Beach,The Beach,1,3.84,14.0,401.0,383.0,2020-03
2020-03-10,The Brunch Place,The Brunch Place - Central,2,7.72,21.0,1088.0,1004.0,2020-03
2020-03-11,Louvré,Louvré,2,9.600000000000001,56.0,3037.0,2993.0,2020-03
2020-03-11,Pizzeria,Pizzeria - Central,11,49.629999999999995,100.0,11418.0,11007.0,2020-03
2020-03-11,The Beach,The Beach,2,4.71,10.0,520.0,491.0,2020-03
2020-03-11,The Brunch Place,The Brunch Place - Central,1,5.56,5.0,640.0,587.0,2020-03
2020-03-12,Louvré,Louvré,2,9.370000000000001,37.0,2202.0,2165.0,2020-03
2020-03-12,Pizzeria,Pizzeria - Central,11,46.83,91.0,8956.0,8702.0,2020-03
2020-03-12,The Beach,The Beach,2,9.29,16.0,803.0,674.0,2020-03
2020-03-12,The Brunch Place,The Brunch Place - Central,1,5.55,10.0,503.0,463.0,2020-03
2020-03-13,Louvré,Louvré,2,9.64,39.0,2317.0,2293.0,2020-03
2020-03-13,Pizzeria,Pizzeria - Central,13,48.15,65.0,7490.0,7307.0,2020-03
2020-03-13,The Beach,The Beach,2,9.129999999999999,11.0,690.0,597.0,2020-03
2020-03-13,The Brunch Place,The Brunch Place - Central,1,5.64,5.0,505.0,468.0,2020-03
2020-03-14,Louvré,Louvré,2,10.56,61.0,3680.0,3630.0,2020-03
2020-03-14,Pizzeria,Pizzeria - Central,13,50.62,93.0,11583.0,11300.0,2020-03
2020-03-14,The Beach,The Beach,2,8.75,8.0,1050.0,883.0,2020-03
2020-03-14,The Brunch Place,The Brunch Place - Central,1,6.23,14.0,780.0,728.0,2020-03
2020-03-15,Louvré,Louvré,2,7.51,56.0,2402.0,2364.0,2020-03
2020-03-15,Pizzeria,Pizzeria - Central,13,49.81,96.0,10953.0,10596.0,2020-03
2020-03-15,The Beach,The Beach,2,8.61,11.0,1179.0,968.0,2020-03
2020-03-15,The Brunch Place,The Brunch Place - Central,2,15.07,38.0,2037.0,1946.0,2020-03
2020-03-16,Louvré,Louvré,1,3.08,12.0,687.0,680.0,2020-03
2020-03-16,Pizzeria,Pizzeria - Central,13,51.08,90.0,9375.0,9052.0,2020-03
2020-03-16,The Beach,The Beach,2,7.89,16.0,1074.0,892.0,2020-03
2020-03-16,The Brunch Place,The Brunch Place - Central,2,19.93,48.0,2687.0,2571.0,2020-03
2020-03-17,Pizzeria,Pizzeria - Central,13,51.56,104.0,11385.0,10999.0,2020-03
2020-03-17,The Beach,The Beach,1,3.84,20.0,540.0,502.0,2020-03
2020-03-17,The Brunch Place,The Brunch Place - Central,2,9.99,23.0,1595.0,1546.0,2020-03
2020-03-18,Pizzeria,Pizzeria - Central,13,50.60999999999999,100.0,12054.0,11611.0,2020-03
2020-03-18,The Beach,The Beach,1,3.68,7.0,526.0,471.0,2020-03
2020-03-19,Pizzeria,Pizzeria - Central,13,50.879999999999995,118.0,10400.0,10029.0,2020-03
2020-03-19,The Beach,The Beach,2,6.71,15.0,784.0,748.0,2020-03
2020-03-20,Pizzeria,Pizzeria - Central,13,43.14,77.0,9168.0,8852.0,2020-03
2020-03-20,The Beach,The Beach,2,8.56,18.0,971.0,923.0,2020-03
2020-03-21,Louvré,Louvré,1,2.97,17.0,1778.0,1745.0,2020-03
2020-03-21,Pizzeria,Pizzeria - Central,13,18.2,35.0,3957.0,3813.0,2020-03
2020-03-21,The Beach,The Beach,3,9.99,28.0,1776.0,1722.0,2020-03
2020-03-21,The Brunch Place,The Brunch Place - Central,1,3.03,18.0,735.0,726.0,2020-03
2020-03-22,Louvré,Louvré,1,5.07,30.0,2069.0,2049.0,2020-03
2020-03-22,Pizzeria,Pizzeria - Central,8,17.53,46.0,3294.0,3153.0,2020-03
2020-03-22,The Beach,The Beach,3,13.059999999999999,38.0,2940.0,2885.0,2020-03
2020-03-22,The Brunch Place,The Brunch Place - Central,2,20.88,95.0,5385.0,5125.0,2020-03
2020-03-23,Louvré,Louvré,1,5.46,27.0,2166.0,2154.0,2020-03
2020-03-23,Pizzeria,Pizzeria - Central,8,18.41,51.0,3424.0,3278.0,2020-03
2020-03-23,The Beach,The Beach,3,12.649999999999999,28.0,2414.0,2337.0,2020-03
2020-03-23,The Brunch Place,The Brunch Place - Central,2,27.189999999999998,125.0,5462.0,5079.0,2020-03
2020-03-24,Louvré,Louvré,1,5.41,29.0,2094.0,2072.0,2020-03
2020-03-24,Pizzeria,Pizzeria - Central,9,19.03,54.0,3318.0,3167.0,2020-03
2020-03-24,The Beach,The Beach,3,9.33,20.0,1875.0,1815.0,2020-03
2020-03-24,The Brunch Place,The Brunch Place - Central,2,27.049999999999997,89.0,4338.0,3967.0,2020-03
2020-03-25,Louvré,Louvré,1,5.37,38.0,2244.0,2219.0,2020-03
2020-03-25,Pizzeria,Pizzeria - Central,9,28.080000000000002,64.0,5760.0,5439.0,2020-03
2020-03-25,The Beach,The Beach,2,7.16,20.0,1970.0,1930.0,2020-03
2020-03-25,The Brunch Place,The Brunch Place - Central,2,26.15,88.0,5235.0,4947.0,2020-03
2020-03-26,Louvré,Louvré,1,5.62,33.0,2313.0,2298.0,2020-03
2020-03-26,Pizzeria,Pizzeria - Central,9,28.229999999999997,62.0,5475.0,5273.0,2020-03
2020-03-26,The Beach,The Beach,2,7.48,26.0,1733.0,1689.0,2020-03
2020-03-26,The Brunch Place,The Brunch Place - Central,2,25.939999999999998,85.0,5511.0,5259.0,2020-03
2020-03-27,Louvré,Louvré,1,5.45,23.0,2071.0,2056.0,2020-03
2020-03-27,Pizzeria,Pizzeria - Central,9,37.31,87.0,7995.0,7691.0,2020-03
2020-03-27,The Beach,The Beach,2,7.46,18.0,1537.0,1514.0,2020-03
2020-03-27,The Brunch Place,The Brunch Place - Central,4,36.89,81.0,4639.0,4297.0,2020-03
2020-03-28,Louvré,Louvré,1,5.47,30.0,1683.0,1669.0,2020-03
2020-03-28,Pizzeria,Pizzeria - Central,9,37.39,53.0,7219.0,6870.0,2020-03
2020-03-28,The Beach,The Beach,3,12.469999999999999,148.0,2286.0,2203.0,2020-03
2020-03-28,The Brunch Place,The Brunch Place - Central,5,54.709999999999994,105.0,7741.0,7102.0,2020-03
2020-03-29,Louvré,Louvré,1,5.71,18.0,1626.0,1619.0,2020-03
2020-03-29,Pizzeria,Pizzeria - Central,9,37.540000000000006,60.0,6548.0,6255.0,2020-03
2020-03-29,The Beach,The Beach,3,12.32,108.0,2083.0,2034.0,2020-03
2020-03-29,The Brunch Place,The Brunch Place - Central,5,54.10000000000001,114.0,7002.0,6494.0,2020-03
2020-03-30,Louvré,Louvré,1,3.47,9.0,878.0,871.0,2020-03
2020-03-30,Pizzeria,Pizzeria - Central,9,32.16,48.0,4958.0,4720.0,2020-03
2020-03-30,The Beach,The Beach,3,13.260000000000002,148.0,2300.0,2237.0,2020-03
2020-03-30,The Brunch Place,The Brunch Place - Central,4,38.57,75.0,4633.0,4423.0,2020-03
2020-03-31,Pizzeria,Pizzeria - Central,9,31.060000000000002,55.0,5998.0,5722.0,2020-03
2020-03-31,The Beach,The Beach,3,12.9,125.0,2682.0,2614.0,2020-03
2020-03-31,The Brunch Place,The Brunch Place - Central,4,26.700000000000003,56.0,3681.0,3576.0,2020-03
2020-04-01,Pizzeria,Pizzeria - Central,9,28.36,52.0,5296.0,5051.0,2020-04
2020-04-01,The Beach,The Beach,3,11.77,123.0,2440.0,2375.0,2020-04
2020-04-01,The Brunch Place,The Brunch Place - Central,3,21.799999999999997,48.0,3827.0,3695.0,2020-04
2020-04-02,Pizzeria,Pizzeria - Central,9,23.98,56.0,5340.0,5188.0,2020-04
2020-04-02,The Beach,The Beach,3,12.030000000000001,147.0,2912.0,2842.0,2020-04
2020-04-02,The Brunch Place,The Brunch Place - Central,1,2.89,6.0,723.0,716.0,2020-04
2020-04-03,Pizzeria,Pizzeria - Central,7,18.34,46.0,4450.0,4306.0,2020-04
2020-04-03,The Beach,The Beach,3,12.54,135.0,2962.0,2892.0,2020-04
2020-04-03,The Brunch Place,The Brunch Place - Central,1,2.88,16.0,744.0,734.0,2020-04
2020-04-04,Louvré,Louvré,1,3.71,17.0,664.0,658.0,2020-04
2020-04-04,Pizzeria,Pizzeria - Central,5,16.62,38.0,4188.0,4024.0,2020-04
2020-04-04,The Beach,The Beach,3,12.36,95.0,2622.0,2571.0,2020-04
2020-04-04,The Brunch Place,The Brunch Place - Central,4,5.24,25.0,1052.0,1036.0,2020-04
2020-04-05,Louvré,Louvré,4,84.78,427.0,10363.0,8489.0,2020-04
2020-04-05,Pizzeria,Pizzeria - Central,5,16.9,48.0,4891.0,4750.0,2020-04
2020-04-05,The Beach,The Beach,3,12.42,116.0,2974.0,2922.0,2020-04
2020-04-05,The Brunch Place,The Brunch Place - Central,4,7.859999999999999,23.0,1463.0,1415.0,2020-04
2020-04-06,Louvré,Louvré,4,90.05000000000001,379.0,10614.0,9349.0,2020-04
2020-04-06,Pizzeria,Pizzeria - Central,7,17.39,34.0,4349.0,4253.0,2020-04
2020-04-06,The Beach,The Beach,3,12.34,93.0,2813.0,2736.0,2020-04
2020-04-06,The Brunch Place,The Brunch Place - Central,4,7.75,29.0,1189.0,1151.0,2020-04
2020-04-07,Louvré,Louvré,4,88.75,462.0,13190.0,11556.0,2020-04
2020-04-07,Pizzeria,Pizzeria - Central,9,23.099999999999998,63.0,5523.0,5352.0,2020-04
2020-04-07,The Beach,The Beach,3,12.649999999999999,135.0,2846.0,2743.0,2020-04
2020-04-07,The Brunch Place,The Brunch Place - Central,4,7.98,32.0,1572.0,1518.0,2020-04
2020-04-08,Louvré,Louvré,4,87.34,388.0,12799.0,11345.0,2020-04
2020-04-08,Pizzeria,Pizzeria - Central,5,18.07,34.0,3873.0,3749.0,2020-04
2020-04-08,The Beach,The Beach,3,12.35,124.0,3016.0,2939.0,2020-04
2020-04-08,The Brunch Place,The Brunch Place - Central,4,8.030000000000001,29.0,1242.0,1187.0,2020-04
2020-04-09,Louvré,Louvré,5,44.550000000000004,199.0,6624.0,6404.0,2020-04
2020-04-09,Pizzeria,Pizzeria - Central,5,38.28,74.0,7730.0,7385.0,2020-04
2020-04-09,The Beach,The Beach,3,11.84,94.0,2725.0,2662.0,2020-04
2020-04-09,The Brunch Place,The Brunch Place - Central,4,7.91,43.0,1340.0,1295.0,2020-04
2020-04-10,Louvré,Louvré,2,15.29,88.0,2802.0,2707.0,2020-04
2020-04-10,Pizzeria,Pizzeria - Central,5,39.19,63.0,7178.0,6854.0,2020-04
2020-04-10,The Beach,The Beach,3,12.5,113.0,2512.0,2462.0,2020-04
2020-04-10,The Brunch Place,The Brunch Place - Central,4,8.18,13.0,1250.0,1205.0,2020-04
2020-04-11,Louvré,Louvré,2,15.8,87.0,2636.0,2562.0,2020-04
2020-04-11,Pizzeria,Pizzeria - Central,5,39.099999999999994,64.0,6621.0,6346.0,2020-04
2020-04-11,The Beach,The Beach,3,12.120000000000001,85.0,2349.0,2308.0,2020-04
2020-04-11,The Brunch Place,The Brunch Place - Central,4,7.7,27.0,1146.0,1120.0,2020-04
2020-04-12,Louvré,Louvré,2,15.06,55.0,2407.0,2348.0,2020-04
2020-04-12,Pizzeria,Pizzeria - Central,5,38.83,51.0,6265.0,6031.0,2020-04
2020-04-12,The Beach,The Beach,3,12.44,77.0,2478.0,2405.0,2020-04
2020-04-12,The Brunch Place,The Brunch Place - Central,4,8.25,28.0,1084.0,1036.0,2020-04
2020-04-13,Louvré,Louvré,2,15.48,44.0,2073.0,2030.0,2020-04
2020-04-13,Pizzeria,Pizzeria - Central,5,39.61,54.0,5794.0,5553.0,2020-04
2020-04-13,The Beach,The Beach,3,12.53,98.0,2114.0,2058.0,2020-04
2020-04-13,The Brunch Place,The Brunch Place - Central,4,8.35,17.0,1229.0,1205.0,2020-04
2020-04-14,Louvré,Louvré,2,15.76,79.0,2502.0,2437.0,2020-04
2020-04-14,Pizzeria,Pizzeria - Central,5,39.23,69.0,7728.0,7531.0,2020-04
2020-04-14,The Beach,The Beach,3,9.530000000000001,61.0,1896.0,1850.0,2020-04
2020-04-14,The Brunch Place,The Brunch Place - Central,4,6.98,29.0,1015.0,974.0,2020-04
2020-04-15,Louvré,Louvré,2,12.370000000000001,153.0,2386.0,2302.0,2020-04
2020-04-15,Pizzeria,Pizzeria - Central,5,41.39,68.0,8006.0,7630.0,2020-04
2020-04-15,The Beach,The Beach,2,4.08,18.0,439.0,412.0,2020-04
2020-04-15,The Brunch Place,The Brunch Place - Central,5,7.279999999999999,51.0,983.0,957.0,2020-04
2020-04-16,Louvré,Louvré,4,28.73,365.0,5453.0,5054.0,2020-04
2020-04-16,Pizzeria,Pizzeria - Central,5,41.28,75.0,6430.0,6064.0,2020-04
2020-04-16,The Beach,The Beach,2,9.45,83.0,1396.0,1275.0,2020-04
2020-04-16,The Brunch Place,The Brunch Place - Central,5,14.620000000000001,143.0,3580.0,3500.0,2020-04
2020-04-17,Louvré,Louvré,5,32.510000000000005,429.0,7137.0,6811.0,2020-04
2020-04-17,Pizzeria,Pizzeria - Central,5,45.18000000000001,83.0,8352.0,7936.0,2020-04
2020-04-17,The Beach,The Beach,2,10.05,83.0,1584.0,1483.0,2020-04
2020-04-17,The Brunch Place,The Brunch Place - Central,5,14.71,133.0,3766.0,3710.0,2020-04
2020-04-18,Louvré,Louvré,5,35.37,499.0,7090.0,6732.0,2020-04
2020-04-18,Pizzeria,Pizzeria - Central,5,46.83,80.0,8444.0,8035.0,2020-04
2020-04-18,The Beach,The Beach,2,10.7,77.0,1454.0,1378.0,2020-04
2020-04-18,The Brunch Place,The Brunch Place - Central,7,30.169999999999998,172.0,4966.0,4827.0,2020-04
2020-04-19,Louvré,Louvré,5,32.65,367.0,6201.0,5887.0,2020-04
2020-04-19,Pizzeria,Pizzeria - Central,5,45.4,69.0,6100.0,5802.0,2020-04
2020-04-19,The Beach,The Beach,2,9.86,59.0,1533.0,1453.0,2020-04
2020-04-19,The Brunch Place,The Brunch Place - Central,9,52.81999999999999,220.0,6874.0,6361.0,2020-04
2020-04-20,Louvré,Louvré,4,26.16,361.0,5480.0,5208.0,2020-04
2020-04-20,Pizzeria,Pizzeria - Central,5,48.71000000000001,69.0,5596.0,5200.0,2020-04
2020-04-20,The Beach,The Beach,2,10.03,59.0,1285.0,1211.0,2020-04
2020-04-20,The Brunch Place,The Brunch Place - Central,9,53.97999999999999,246.0,7622.0,7164.0,2020-04
2020-04-21,Louvré,Louvré,4,27.33,347.0,5755.0,5420.0,2020-04
2020-04-21,Pizzeria,Pizzeria - Central,5,43.73,78.0,5413.0,5046.0,2020-04
2020-04-21,The Beach,The Beach,2,10.29,82.0,1570.0,1463.0,2020-04
2020-04-21,The Brunch Place,The Brunch Place - Central,9,53.91,281.0,8652.0,8189.0,2020-04
2020-04-22,Louvré,Louvré,4,25.980000000000004,333.0,5893.0,5648.0,2020-04
2020-04-22,Pizzeria,Pizzeria - Central,5,47.8,97.0,6842.0,6289.0,2020-04
2020-04-22,The Beach,The Beach,2,10.28,54.0,1579.0,1489.0,2020-04
2020-04-22,The Brunch Place,The Brunch Place - Central,9,53.96,304.0,7972.0,7504.0,2020-04
2020-04-23,Louvré,Louvré,5,29.76,380.0,7620.0,6954.0,2020-04
2020-04-23,Pizzeria,Pizzeria - Central,5,40.03,65.0,4937.0,4587.0,2020-04
2020-04-23,The Beach,The Beach,2,10.29,67.0,1546.0,1453.0,2020-04
2020-04-23,The Brunch Place,The Brunch Place - Central,9,53.21,279.0,8795.0,8345.0,2020-04
2020-04-24,Louvré,Louvré,4,21.75,271.0,5286.0,4996.0,2020-04
2020-04-24,Pizzeria,Pizzeria - Central,5,32.15,66.0,3747.0,3456.0,2020-04
2020-04-24,The Beach,The Beach,2,9.99,52.0,1487.0,1406.0,2020-04
2020-04-24,The Brunch Place,The Brunch Place - Central,9,51.29,253.0,8847.0,8490.0,2020-04
2020-04-25,Louvré,Louvré,4,22.54,269.0,5971.0,5731.0,2020-04
2020-04-25,Pizzeria,Pizzeria - Central,5,33.42,53.0,4306.0,3960.0,2020-04
2020-04-25,The Beach,The Beach,2,9.76,66.0,1490.0,1395.0,2020-04
2020-04-25,The Brunch Place,The Brunch Place - Central,7,39.269999999999996,221.0,6347.0,6015.0,2020-04
2020-04-26,Louvré,Louvré,4,22.11,256.0,6530.0,6264.0,2020-04
2020-04-26,Pizzeria,Pizzeria - Central,5,33.05,46.0,4548.0,4176.0,2020-04
2020-04-26,The Beach,The Beach,2,10.4,79.0,1811.0,1706.0,2020-04
2020-04-26,The Brunch Place,The Brunch Place - Central,7,38.67,211.0,7830.0,7507.0,2020-04
2020-04-27,Louvré,Louvré,4,21.61,241.0,6036.0,5760.0,2020-04
2020-04-27,Pizzeria,Pizzeria - Central,5,32.14,51.0,5576.0,5214.0,2020-04
2020-04-27,The Beach,The Beach,2,10.18,73.0,1816.0,1707.0,2020-04
2020-04-27,The Brunch Place,The Brunch Place - Central,7,37.72,186.0,8044.0,7703.0,2020-04
2020-04-28,Louvré,Louvré,4,22.22,251.0,6155.0,5855.0,2020-04
2020-04-28,Pizzeria,Pizzeria - Central,5,32.019999999999996,59.0,6149.0,5661.0,2020-04
2020-04-28,The Beach,The Beach,2,9.68,60.0,1792.0,1663.0,2020-04
2020-04-28,The Brunch Place,The Brunch Place - Central,7,39.82,198.0,7677.0,7356.0,2020-04
2020-04-29,Louvré,Louvré,4,21.380000000000003,272.0,6530.0,6265.0,2020-04
2020-04-29,Pizzeria,Pizzeria - Central,5,31.79,47.0,5487.0,5037.0,2020-04
2020-04-29,The Beach,The Beach,2,9.51,46.0,1667.0,1570.0,2020-04
2020-04-29,The Brunch Place,The Brunch Place - Central,4,33.989999999999995,183.0,6864.0,6583.0,2020-04
2020-04-30,Louvré,Louvré,2,12.97,162.0,3742.0,3645.0,2020-04
2020-04-30,Pizzeria,Pizzeria - Central,5,32.78,68.0,6269.0,5886.0,2020-04
2020-04-30,The Beach,The Beach,2,8.86,48.0,1365.0,1310.0,2020-04
2020-04-30,The Brunch Place,The Brunch Place - Central,4,34.93,154.0,6810.0,6543.0,2020-04
2020-05-01,Louvré,Louvré,1,2.48,19.0,705.0,700.0,2020-05
2020-05-01,Pizzeria,Pizzeria - Central,5,34.5,42.0,6610.0,6149.0,2020-05
2020-05-01,The Beach,The Beach,1,2.76,8.0,350.0,331.0,2020-05
2020-05-01,The Brunch Place,The Brunch Place - Central,4,15.8,116.0,3366.0,3301.0,2020-05
2020-05-02,Pizzeria,Pizzeria - Central,5,35.36,59.0,7744.0,7227.0,2020-05
2020-05-03,Pizzeria,Pizzeria - Central,5,34.89,97.0,11825.0,11022.0,2020-05
2020-05-04,Pizzeria,Pizzeria - Central,5,35.95,51.0,10472.0,9969.0,2020-05
2020-05-05,Pizzeria,Pizzeria - Central,5,34.19,103.0,12838.0,12168.0,2020-05
2020-05-06,Pizzeria,Pizzeria - Central,5,31.08,66.0,10680.0,10058.0,2020-05
2020-05-07,Pizzeria,Pizzeria - Central,5,31.519999999999996,43.0,8295.0,7837.0,2020-05
2020-05-08,Pizzeria,Pizzeria - Central,5,29.690000000000005,44.0,6607.0,6155.0,2020-05
2020-05-09,Pizzeria,Pizzeria - Central,5,30.240000000000002,51.0,6229.0,5835.0,2020-05
2020-05-10,Pizzeria,Pizzeria - Central,5,31.19,57.0,5966.0,5597.0,2020-05
2020-05-11,Pizzeria,Pizzeria - Central,5,30.69,48.0,5947.0,5639.0,2020-05
2020-05-12,Pizzeria,Pizzeria - Central,5,29.810000000000002,56.0,6385.0,6041.0,2020-05
2020-05-13,Pizzeria,Pizzeria - Central,5,29.91,35.0,7118.0,6754.0,2020-05
2020-05-14,Louvré,Louvré,1,3.26,56.0,805.0,781.0,2020-05
2020-05-14,Pizzeria,Pizzeria - Central,5,31.03,52.0,5637.0,5303.0,2020-05
2020-05-15,Louvré,Louvré,1,6.13,88.0,1928.0,1815.0,2020-05
2020-05-15,Pizzeria,Pizzeria - Central,5,29.77,55.0,6048.0,5681.0,2020-05
2020-05-16,Louvré,Louvré,1,6.37,111.0,1867.0,1808.0,2020-05
2020-05-16,Pizzeria,Pizzeria - Central,5,31.990000000000002,79.0,7887.0,7554.0,2020-05
2020-05-17,Louvré,Louvré,1,6.18,73.0,1793.0,1733.0,2020-05
2020-05-17,Pizzeria,Pizzeria - Central,5,34.71,71.0,8312.0,7956.0,2020-05
2020-05-18,Louvré,Louvré,1,6.18,59.0,2137.0,2099.0,2020-05
2020-05-18,Pizzeria,Pizzeria - Central,5,35.08,66.0,8163.0,7834.0,2020-05
2020-05-19,Louvré,Louvré,1,6.17,66.0,1909.0,1862.0,2020-05
2020-05-19,Pizzeria,Pizzeria - Central,5,35.56,96.0,8579.0,8140.0,2020-05
2020-05-20,Louvré,Louvré,1,6.25,65.0,1846.0,1784.0,2020-05
2020-05-20,Pizzeria,Pizzeria - Central,5,34.230000000000004,53.0,7708.0,7341.0,2020-05
2020-05-20,The Beach,The Beach,2,26.04,236.0,8095.0,7899.0,2020-05
2020-05-20,The Brunch Place,The Brunch Place - Central,1,3.77,7.0,396.0,396.0,2020-05
2020-05-21,Louvré,Louvré,1,6.2,52.0,1867.0,1845.0,2020-05
2020-05-21,Pizzeria,Pizzeria - Central,5,34.739999999999995,61.0,7104.0,6827.0,2020-05
2020-05-21,The Beach,The Beach,2,40.64,334.0,10418.0,10141.0,2020-05
2020-05-21,The Brunch Place,The Brunch Place - Central,1,20.68,97.0,3180.0,2992.0,2020-05
2020-05-22,Louvré,Louvré,1,6.44,68.0,2131.0,2099.0,2020-05
2020-05-22,Pizzeria,Pizzeria - Central,5,34.7,73.0,8323.0,8003.0,2020-05
2020-05-22,The Beach,The Beach,2,40.59,352.0,11410.0,11175.0,2020-05
2020-05-22,The Brunch Place,The Brunch Place - Central,1,19.86,81.0,3509.0,3251.0,2020-05
2020-05-23,Louvré,Louvré,1,6.28,50.0,2053.0,2028.0,2020-05
2020-05-23,Pizzeria,Pizzeria - Central,5,34.66,74.0,9223.0,8900.0,2020-05
2020-05-23,The Beach,The Beach,3,42.28,317.0,12914.0,12336.0,2020-05
2020-05-23,The Brunch Place,The Brunch Place - Central,3,52.87,283.0,8745.0,8299.0,2020-05
2020-05-24,Louvré,Louvré,1,6.07,31.0,1639.0,1615.0,2020-05
2020-05-24,Pizzeria,Pizzeria - Central,5,31.07,51.0,6973.0,6643.0,2020-05
2020-05-24,The Beach,The Beach,3,51.06,341.0,13882.0,13287.0,2020-05
2020-05-24,The Brunch Place,The Brunch Place - Central,3,73.06,288.0,11736.0,10896.0,2020-05
2020-05-25,Louvré,Louvré,1,6.28,31.0,1945.0,1923.0,2020-05
2020-05-25,Pizzeria,Pizzeria - Central,4,28.32,49.0,6323.0,6030.0,2020-05
2020-05-25,The Beach,The Beach,3,23.05,170.0,5298.0,5089.0,2020-05
2020-05-25,The Brunch Place,The Brunch Place - Central,3,75.48,326.0,15027.0,14127.0,2020-05
2020-05-26,Louvré,Louvré,1,6.51,53.0,1911.0,1880.0,2020-05
2020-05-26,Pizzeria,Pizzeria - Central,4,27.240000000000002,57.0,7069.0,6779.0,2020-05
2020-05-26,The Beach,The Beach,1,6.34,42.0,938.0,888.0,2020-05
2020-05-26,The Brunch Place,The Brunch Place - Central,3,59.34,300.0,14706.0,13578.0,2020-05
2020-05-27,Louvré,Louvré,1,6.35,73.0,1867.0,1829.0,2020-05
2020-05-27,Pizzeria,Pizzeria - Central,4,26.990000000000002,50.0,6788.0,6487.0,2020-05
2020-05-27,The Beach,The Beach,1,1.67,12.0,181.0,175.0,2020-05
2020-05-27,The Brunch Place,The Brunch Place - Central,2,28.27,216.0,9656.0,9127.0,2020-05
2020-05-28,Louvré,Louvré,1,6.17,54.0,1611.0,1568.0,2020-05
2020-05-28,Pizzeria,Pizzeria - Central,4,27.259999999999998,59.0,7219.0,6871.0,2020-05
2020-05-28,The Beach,The Beach,1,2.86,3.0,329.0,310.0,2020-05
2020-05-28,The Brunch Place,The Brunch Place - Central,2,29.78,246.0,9385.0,8968.0,2020-05
2020-05-29,Louvré,Louvré,1,6.24,67.0,1546.0,1506.0,2020-05
2020-05-29,Pizzeria,Pizzeria - Central,4,27.28,50.0,6962.0,6647.0,2020-05
2020-05-29,The Beach,The Beach,1,3.04,16.0,328.0,318.0,2020-05
2020-05-29,The Brunch Place,The Brunch Place - Central,2,28.43,215.0,9353.0,9013.0,2020-05
2020-05-30,Louvré,Louvré,1,2.92,21.0,677.0,667.0,2020-05
2020-05-30,Pizzeria,Pizzeria - Central,4,27.67,55.0,6259.0,6035.0,2020-05
2020-05-30,The Beach,The Beach,1,3.04,13.0,397.0,370.0,2020-05
2020-05-30,The Brunch Place,The Brunch Place - Central,2,29.89,251.0,9767.0,9467.0,2020-05
2020-05-31,Pizzeria,Pizzeria - Central,4,28.53,39.0,5525.0,5286.0,2020-05
2020-05-31,The Beach,The Beach,1,2.92,8.0,310.0,296.0,2020-05
2020-05-31,The Brunch Place,The Brunch Place - Central,2,28.369999999999997,162.0,8854.0,8516.0,2020-05
2020-06-01,Pizzeria,Pizzeria - Central,4,28.5,46.0,5729.0,5499.0,2020-06
2020-06-01,The Beach,The Beach,1,3.1,8.0,394.0,377.0,2020-06
2020-06-01,The Brunch Place,The Brunch Place - Central,2,30.33,178.0,8929.0,8551.0,2020-06
2020-06-02,Pizzeria,Pizzeria - Central,4,29.49,64.0,7286.0,7064.0,2020-06
2020-06-02,The Beach,The Beach,1,3.01,9.0,360.0,341.0,2020-06
2020-06-02,The Brunch Place,The Brunch Place - Central,2,19.87,135.0,7991.0,7757.0,2020-06
2020-06-03,Pizzeria,Pizzeria - Central,4,28.55,63.0,7732.0,7429.0,2020-06
2020-06-03,The Beach,The Beach,1,3.0,13.0,445.0,417.0,2020-06
2020-06-04,Pizzeria,Pizzeria - Central,4,28.93,58.0,8027.0,7758.0,2020-06
2020-06-04,The Beach,The Beach,1,2.93,8.0,434.0,399.0,2020-06
2020-06-05,Pizzeria,Pizzeria - Central,4,28.91,63.0,7810.0,7573.0,2020-06
2020-06-05,The Beach,The Beach,1,2.95,3.0,358.0,341.0,2020-06
2020-06-06,Pizzeria,Pizzeria - Central,4,29.04,48.0,6961.0,6746.0,2020-06
2020-06-06,The Beach,The Beach,1,3.06,13.0,296.0,282.0,2020-06
2020-06-07,Pizzeria,Pizzeria - Central,4,33.07,71.0,6834.0,6673.0,2020-06
2020-06-07,The Beach,The Beach,1,3.15,12.0,358.0,334.0,2020-06
2020-06-08,Pizzeria,Pizzeria - Central,4,36.099999999999994,65.0,7025.0,6811.0,2020-06
2020-06-08,The Beach,The Beach,1,2.99,8.0,421.0,393.0,2020-06
2020-06-09,Pizzeria,Pizzeria - Central,4,36.4,69.0,8724.0,8491.0,2020-06
2020-06-09,The Beach,The Beach,1,2.85,6.0,418.0,400.0,2020-06
2020-06-10,Pizzeria,Pizzeria - Central,4,35.51,68.0,8369.0,7913.0,2020-06
2020-06-10,The Beach,The Beach,1,3.27,15.0,364.0,341.0,2020-06
2020-06-11,Pizzeria,Pizzeria - Central,4,38.42,69.0,9559.0,9261.0,2020-06
2020-06-11,The Beach,The Beach,1,2.8,7.0,380.0,356.0,2020-06
2020-06-12,Pizzeria,Pizzeria - Central,4,34.93,59.0,9011.0,8812.0,2020-06
2020-06-12,The Beach,The Beach,1,2.94,5.0,324.0,313.0,2020-06
2020-06-12,The Brunch Place,The Brunch Place - Central,3,12.46,78.0,3064.0,2933.0,2020-06
2020-06-13,Pizzeria,Pizzeria - Central,4,36.370000000000005,62.0,10661.0,10409.0,2020-06
2020-06-13,The Beach,The Beach,1,2.9,12.0,349.0,327.0,2020-06
2020-06-13,The Brunch Place,The Brunch Place - Central,4,37.87,163.0,12143.0,11426.0,2020-06
2020-06-14,Pizzeria,Pizzeria - Central,4,38.019999999999996,87.0,12506.0,12282.0,2020-06
2020-06-14,The Beach,The Beach,1,3.01,9.0,388.0,360.0,2020-06
2020-06-14,The Brunch Place,The Brunch Place - Central,4,38.64,239.0,16791.0,16024.0,2020-06
2020-06-15,Pizzeria,Pizzeria - Central,4,35.5,61.0,10270.0,10019.0,2020-06
2020-06-15,The Beach,The Beach,1,2.88,8.0,375.0,346.0,2020-06
2020-06-15,The Brunch Place,The Brunch Place - Central,4,39.24,200.0,14938.0,14434.0,2020-06
2020-06-16,Pizzeria,Pizzeria - Central,4,35.349999999999994,67.0,10135.0,9793.0,2020-06
2020-06-16,The Beach,The Beach,1,2.77,7.0,423.0,384.0,2020-06
2020-06-16,The Brunch Place,The Brunch Place - Central,4,30.27,184.0,13005.0,12354.0,2020-06
2020-06-17,Pizzeria,Pizzeria - Central,4,33.519999999999996,62.0,8894.0,8487.0,2020-06
2020-06-17,The Beach,The Beach,1,2.86,12.0,369.0,325.0,2020-06
2020-06-17,The Brunch Place,The Brunch Place - Central,3,27.71,237.0,12942.0,12263.0,2020-06
2020-06-18,Pizzeria,Pizzeria - Central,4,33.349999999999994,56.0,8912.0,8559.0,2020-06
2020-06-18,The Beach,The Beach,1,2.88,8.0,387.0,355.0,2020-06
2020-06-18,The Brunch Place,The Brunch Place - Central,3,27.450000000000003,218.0,12132.0,11667.0,2020-06
2020-06-19,Pizzeria,Pizzeria - Central,4,36.18,64.0,10002.0,9629.0,2020-06
2020-06-19,The Beach,The Beach,1,2.8,8.0,411.0,365.0,2020-06
2020-06-19,The Brunch Place,The Brunch Place - Central,3,29.28,242.0,11965.0,11474.0,2020-06
2020-06-20,Pizzeria,Pizzeria - Central,4,37.04,70.0,8974.0,8723.0,2020-06
2020-06-20,The Beach,The Beach,1,2.97,8.0,339.0,308.0,2020-06
2020-06-20,The Brunch Place,The Brunch Place - Central,4,38.57,214.0,12087.0,11359.0,2020-06
2020-06-21,Pizzeria,Pizzeria - Central,4,36.61,47.0,7188.0,6923.0,2020-06
2020-06-21,The Beach,The Beach,1,2.81,5.0,300.0,279.0,2020-06
2020-06-21,The Brunch Place,The Brunch Place - Central,4,39.93,216.0,11387.0,10650.0,2020-06
2020-06-22,Pizzeria,Pizzeria - Central,4,37.61,70.0,8332.0,7985.0,2020-06
2020-06-22,The Beach,The Beach,1,2.96,9.0,299.0,275.0,2020-06
2020-06-22,The Brunch Place,The Brunch Place - Central,4,38.27,167.0,9260.0,8648.0,2020-06
2020-06-23,Pizzeria,Pizzeria - Central,4,39.72,76.0,11302.0,10937.0,2020-06
2020-06-23,The Beach,The Beach,1,3.0,3.0,370.0,342.0,2020-06
2020-06-23,The Brunch Place,The Brunch Place - Central,4,29.630000000000003,148.0,9363.0,8875.0,2020-06
2020-06-24,Pizzeria,Pizzeria - Central,4,42.2,63.0,10242.0,9953.0,2020-06
2020-06-24,The Beach,The Beach,1,2.78,8.0,324.0,294.0,2020-06
2020-06-24,The Brunch Place,The Brunch Place - Central,3,27.550000000000004,162.0,9710.0,9280.0,2020-06
2020-06-25,Louvré,Louvré,1,3.47,5.0,277.0,270.0,2020-06
2020-06-25,Pizzeria,Pizzeria - Central,4,43.67,56.0,9405.0,9218.0,2020-06
2020-06-25,The Beach,The Beach,1,2.88,1.0,359.0,340.0,2020-06
2020-06-25,The Brunch Place,The Brunch Place - Central,3,28.089999999999996,144.0,10818.0,10504.0,2020-06
2020-06-26,Louvré,Louvré,1,5.07,1.0,615.0,607.0,2020-06
2020-06-26,Pizzeria,Pizzeria - Central,4,44.2,68.0,8998.0,8694.0,2020-06
2020-06-26,The Beach,The Beach,1,3.11,8.0,279.0,259.0,2020-06
2020-06-26,The Brunch Place,The Brunch Place - Central,3,29.0,143.0,12573.0,11956.0,2020-06
2020-06-27,Louvré,Louvré,1,5.18,14.0,710.0,693.0,2020-06
2020-06-27,Pizzeria,Pizzeria - Central,4,46.519999999999996,73.0,11715.0,11378.0,2020-06
2020-06-27,The Beach,The Beach,1,2.91,15.0,334.0,306.0,2020-06
2020-06-27,The Brunch Place,The Brunch Place - Central,4,38.71,184.0,13277.0,12743.0,2020-06
2020-06-28,Louvré,Louvré,1,5.05,12.0,807.0,793.0,2020-06
2020-06-28,Pizzeria,Pizzeria - Central,4,49.39,63.0,10471.0,10125.0,2020-06
2020-06-28,The Beach,The Beach,1,2.85,7.0,344.0,314.0,2020-06
2020-06-28,The Brunch Place,The Brunch Place - Central,4,38.75,154.0,13321.0,12785.0,2020-06
2020-06-29,Louvré,Louvré,1,5.03,11.0,1168.0,1151.0,2020-06
2020-06-29,Pizzeria,Pizzeria - Central,4,44.53,76.0,10531.0,10330.0,2020-06
2020-06-29,The Beach,The Beach,1,2.81,6.0,335.0,312.0,2020-06
2020-06-29,The Brunch Place,The Brunch Place - Central,4,39.74,203.0,14451.0,13989.0,2020-06
2020-06-30,Louvré,Louvré,1,1.2,1.0,222.0,222.0,2020-06
2020-06-30,Pizzeria,Pizzeria - Central,4,40.5,63.0,10771.0,10499.0,2020-06
2020-06-30,The Beach,The Beach,1,1.24,4.0,183.0,178.0,2020-06
2020-06-30,The Brunch Place,The Brunch Place - Central,4,8.84,49.0,3660.0,3601.0,2020-06
2020-07-01,Pizzeria,Pizzeria - Central,4,34.97,63.0,10763.0,10416.0,2020-07
2020-07-02,Pizzeria,Pizzeria - Central,4,32.47,54.0,8019.0,7887.0,2020-07
2020-07-03,Pizzeria,Pizzeria - Central,4,32.18,51.0,7771.0,7562.0,2020-07
2020-07-04,Pizzeria,Pizzeria - Central,4,32.339999999999996,50.0,8739.0,8547.0,2020-07
2020-07-05,Pizzeria,Pizzeria - Central,4,32.58,45.0,7031.0,6806.0,2020-07
2020-07-06,Pizzeria,Pizzeria - Central,4,33.96,42.0,8101.0,7907.0,2020-07
2020-07-07,Pizzeria,Pizzeria - Central,4,34.25,56.0,9041.0,8905.0,2020-07
2020-07-08,Louvré,Louvré,1,0.81,16.0,92.0,92.0,2020-07
2020-07-08,Pizzeria,Pizzeria - Central,4,32.07,50.0,7725.0,7485.0,2020-07
2020-07-08,The Beach,The Beach,1,0.87,7.0,88.0,88.0,2020-07
2020-07-09,Louvré,Louvré,1,4.41,80.0,712.0,588.0,2020-07
2020-07-09,Pizzeria,Pizzeria - Central,4,32.89,46.0,8991.0,8708.0,2020-07
2020-07-09,The Beach,The Beach,1,4.05,21.0,553.0,482.0,2020-07
2020-07-09,The Brunch Place,The Brunch Place - Central,1,3.83,17.0,797.0,766.0,2020-07
2020-07-10,Louvré,Louvré,1,4.27,75.0,752.0,684.0,2020-07
2020-07-10,Pizzeria,Pizzeria - Central,4,32.989999999999995,49.0,9000.0,8861.0,2020-07
2020-07-10,The Beach,The Beach,2,7.35,34.0,1058.0,1010.0,2020-07
2020-07-10,The Brunch Place,The Brunch Place - Central,1,8.92,77.0,3214.0,3128.0,2020-07
2020-07-11,Louvré,Louvré,1,4.44,91.0,807.0,737.0,2020-07
2020-07-11,Pizzeria,Pizzeria - Central,4,33.12,38.0,8019.0,7792.0,2020-07
2020-07-11,The Beach,The Beach,2,16.04,71.0,4010.0,3864.0,2020-07
2020-07-11,The Brunch Place,The Brunch Place - Central,1,9.4,75.0,2983.0,2954.0,2020-07
2020-07-12,Louvré,Louvré,1,4.46,70.0,840.0,783.0,2020-07
2020-07-12,Pizzeria,Pizzeria - Central,4,33.260000000000005,62.0,7255.0,7115.0,2020-07
2020-07-12,The Beach,The Beach,2,15.9,56.0,4357.0,4261.0,2020-07
2020-07-12,The Brunch Place,The Brunch Place - Central,1,8.69,56.0,2576.0,2549.0,2020-07
2020-07-13,Louvré,Louvré,1,4.53,72.0,984.0,921.0,2020-07
2020-07-13,Pizzeria,Pizzeria - Central,4,34.7,48.0,7103.0,6909.0,2020-07
2020-07-13,The Beach,The Beach,2,16.2,64.0,4161.0,4051.0,2020-07
2020-07-13,The Brunch Place,The Brunch Place - Central,1,8.83,45.0,2229.0,2194.0,2020-07
2020-07-14,Louvré,Louvré,1,4.26,76.0,1014.0,923.0,2020-07
2020-07-14,Pizzeria,Pizzeria - Central,4,33.16,74.0,7802.0,7627.0,2020-07
2020-07-14,The Beach,The Beach,2,16.94,83.0,6785.0,6551.0,2020-07
2020-07-14,The Brunch Place,The Brunch Place - Central,1,9.13,63.0,3550.0,3503.0,2020-07
2020-07-15,Louvré,Louvré,1,4.21,73.0,970.0,897.0,2020-07
2020-07-15,Pizzeria,Pizzeria - Central,5,34.16,54.0,6478.0,6189.0,2020-07
2020-07-15,The Beach,The Beach,3,17.58,65.0,6681.0,6549.0,2020-07
2020-07-15,The Brunch Place,The Brunch Place - Central,3,17.09,60.0,3932.0,3881.0,2020-07
2020-07-16,Louvré,Louvré,1,4.33,41.0,851.0,801.0,2020-07
2020-07-16,Pizzeria,Pizzeria - Central,5,32.93,66.0,6339.0,6107.0,2020-07
2020-07-16,The Beach,The Beach,3,20.939999999999998,85.0,6596.0,6451.0,2020-07
2020-07-16,The Brunch Place,The Brunch Place - Central,3,30.92,105.0,6826.0,6496.0,2020-07
2020-07-17,Louvré,Louvré,1,4.33,59.0,805.0,764.0,2020-07
2020-07-17,Pizzeria,Pizzeria - Central,5,33.91,43.0,7678.0,7497.0,2020-07
2020-07-17,The Beach,The Beach,3,20.81,103.0,6183.0,6043.0,2020-07
2020-07-17,The Brunch Place,The Brunch Place - Central,3,31.310000000000002,93.0,7073.0,6713.0,2020-07
2020-07-18,Louvré,Louvré,1,4.32,44.0,766.0,744.0,2020-07
2020-07-18,Pizzeria,Pizzeria - Central,5,33.96,46.0,6753.0,6564.0,2020-07
2020-07-18,The Beach,The Beach,3,20.26,80.0,5719.0,5639.0,2020-07
2020-07-18,The Brunch Place,The Brunch Place - Central,3,31.72,101.0,6433.0,6055.0,2020-07
2020-07-19,Louvré,Louvré,1,4.42,38.0,739.0,706.0,2020-07
2020-07-19,Pizzeria,Pizzeria - Central,5,35.25,52.0,6784.0,6636.0,2020-07
2020-07-19,The Beach,The Beach,3,20.13,49.0,4720.0,4652.0,2020-07
2020-07-19,The Brunch Place,The Brunch Place - Central,3,30.900000000000002,77.0,5789.0,5528.0,2020-07
2020-07-20,Louvré,Louvré,1,4.48,57.0,820.0,774.0,2020-07
2020-07-20,Pizzeria,Pizzeria - Central,5,33.49,51.0,8612.0,8415.0,2020-07
2020-07-20,The Beach,The Beach,3,21.28,64.0,5473.0,5349.0,2020-07
2020-07-20,The Brunch Place,The Brunch Place - Central,3,29.700000000000003,71.0,5970.0,5640.0,2020-07
2020-07-21,Louvré,Louvré,1,4.49,54.0,1059.0,1005.0,2020-07
2020-07-21,Pizzeria,Pizzeria - Central,5,33.510000000000005,54.0,10582.0,10325.0,2020-07
2020-07-21,The Beach,The Beach,3,20.65,52.0,6223.0,6102.0,2020-07
2020-07-21,The Brunch Place,The Brunch Place - Central,2,22.43,54.0,4833.0,4453.0,2020-07
2020-07-22,Louvré,Louvré,2,9.530000000000001,89.0,1870.0,1786.0,2020-07
2020-07-22,Pizzeria,Pizzeria - Central,5,33.7,53.0,8753.0,8402.0,2020-07
2020-07-22,The Beach,The Beach,3,21.060000000000002,76.0,6752.0,6627.0,2020-07
2020-07-22,The Brunch Place,The Brunch Place - Central,2,22.200000000000003,43.0,4415.0,4072.0,2020-07
2020-07-23,Louvré,Louvré,2,14.700000000000001,108.0,2777.0,2521.0,2020-07
2020-07-23,Pizzeria,Pizzeria - Central,5,31.35,51.0,8627.0,8355.0,2020-07
2020-07-23,The Beach,The Beach,3,20.15,68.0,5843.0,5750.0,2020-07
2020-07-23,The Brunch Place,The Brunch Place - Central,2,22.939999999999998,54.0,4383.0,4034.0,2020-07
2020-07-24,Louvré,Louvré,2,14.82,95.0,2629.0,2458.0,2020-07
2020-07-24,Pizzeria,Pizzeria - Central,5,34.27,57.0,8757.0,8475.0,2020-07
2020-07-24,The Beach,The Beach,3,20.79,56.0,5904.0,5803.0,2020-07
2020-07-24,The Brunch Place,The Brunch Place - Central,2,22.14,40.0,3851.0,3561.0,2020-07
2020-07-25,Louvré,Louvré,2,15.32,80.0,2770.0,2604.0,2020-07
2020-07-25,Pizzeria,Pizzeria - Central,5,35.04,53.0,7490.0,7229.0,2020-07
2020-07-25,The Beach,The Beach,3,21.009999999999998,63.0,5570.0,5507.0,2020-07
2020-07-25,The Brunch Place,The Brunch Place - Central,3,24.49,33.0,3765.0,3507.0,2020-07
2020-07-26,Louvré,Louvré,2,14.89,85.0,2733.0,2464.0,2020-07
2020-07-26,Pizzeria,Pizzeria - Central,5,41.75,63.0,8344.0,8088.0,2020-07
2020-07-26,The Beach,The Beach,3,18.189999999999998,53.0,4517.0,4448.0,2020-07
2020-07-26,The Brunch Place,The Brunch Place - Central,3,25.810000000000002,41.0,4018.0,3806.0,2020-07
2020-07-27,Louvré,Louvré,2,15.370000000000001,65.0,3162.0,2768.0,2020-07
2020-07-27,Pizzeria,Pizzeria - Central,5,47.03,61.0,10751.0,10405.0,2020-07
2020-07-27,The Beach,The Beach,2,16.62,36.0,4791.0,4715.0,2020-07
2020-07-27,The Brunch Place,The Brunch Place - Central,3,27.36,35.0,4783.0,4544.0,2020-07
2020-07-28,Louvré,Louvré,2,15.38,125.0,3672.0,3306.0,2020-07
2020-07-28,Pizzeria,Pizzeria - Central,5,48.58,64.0,13759.0,13357.0,2020-07
2020-07-28,The Beach,The Beach,2,16.7,50.0,5326.0,5225.0,2020-07
2020-07-28,The Brunch Place,The Brunch Place - Central,3,26.76,60.0,5703.0,5427.0,2020-07
2020-07-29,Louvré,Louvré,2,15.12,113.0,4202.0,3744.0,2020-07
2020-07-29,Pizzeria,Pizzeria - Central,5,47.11,73.0,11180.0,10541.0,2020-07
2020-07-29,The Beach,The Beach,2,15.43,38.0,3730.0,3642.0,2020-07
2020-07-29,The Brunch Place,The Brunch Place - Central,3,25.740000000000002,40.0,5618.0,5360.0,2020-07
2020-07-30,Louvré,Louvré,4,17.98,113.0,4490.0,4066.0,2020-07
2020-07-30,Pizzeria,Pizzeria - Central,4,45.370000000000005,54.0,9187.0,8631.0,2020-07
2020-07-30,The Beach,The Beach,2,16.34,50.0,3530.0,3470.0,2020-07
2020-07-30,The Brunch Place,The Brunch Place - Central,3,24.66,52.0,4764.0,4475.0,2020-07
2020-07-31,Louvré,Louvré,4,20.27,114.0,3472.0,3230.0,2020-07
2020-07-31,Pizzeria,Pizzeria - Central,4,46.849999999999994,59.0,7870.0,7494.0,2020-07
2020-07-31,The Beach,The Beach,2,12.889999999999999,27.0,2496.0,2459.0,2020-07
2020-07-31,The Brunch Place,The Brunch Place - Central,2,24.240000000000002,36.0,3955.0,3677.0,2020-07
2020-08-01,Louvré,Louvré,2,8.1,68.0,1257.0,1179.0,2020-08
2020-08-01,Pizzeria,Pizzeria - Central,4,40.96,80.0,11534.0,11080.0,2020-08
2020-08-01,The Brunch Place,The Brunch Place - Central,2,22.68,46.0,4936.0,4629.0,2020-08
2020-08-02,Louvré,Louvré,2,7.890000000000001,71.0,1544.0,1461.0,2020-08
2020-08-02,Pizzeria,Pizzeria - Central,4,35.120000000000005,90.0,12092.0,11646.0,2020-08
2020-08-02,The Brunch Place,The Brunch Place - Central,2,8.11,20.0,1543.0,1496.0,2020-08
2020-08-03,Louvré,Louvré,2,8.29,50.0,1441.0,1371.0,2020-08
2020-08-03,Pizzeria,Pizzeria - Central,4,35.800000000000004,71.0,11819.0,11426.0,2020-08
2020-08-04,Louvré,Louvré,2,4.58,29.0,741.0,729.0,2020-08
2020-08-04,Pizzeria,Pizzeria - Central,4,35.6,78.0,13757.0,13405.0,2020-08
2020-08-05,Pizzeria,Pizzeria - Central,4,35.79,81.0,12715.0,12306.0,2020-08
2020-08-06,Louvré,Louvré,2,2.96,19.0,348.0,328.0,2020-08
2020-08-06,Pizzeria,Pizzeria - Central,4,35.83,77.0,11715.0,11274.0,2020-08
2020-08-06,The Beach,The Beach,3,7.21,17.0,1327.0,1274.0,2020-08
2020-08-07,Louvré,Louvré,4,17.87,100.0,3321.0,3016.0,2020-08
2020-08-07,Pizzeria,Pizzeria - Central,4,36.22,76.0,13234.0,12727.0,2020-08
2020-08-07,The Beach,The Beach,3,15.120000000000001,46.0,3800.0,3679.0,2020-08
2020-08-08,Louvré,Louvré,4,19.87,138.0,3889.0,3657.0,2020-08
2020-08-08,Pizzeria,Pizzeria - Central,4,35.6,80.0,14620.0,13856.0,2020-08
2020-08-08,The Beach,The Beach,3,14.680000000000001,39.0,4462.0,4366.0,2020-08
2020-08-09,Louvré,Louvré,4,19.439999999999998,107.0,4041.0,3859.0,2020-08
2020-08-09,Pizzeria,Pizzeria - Central,4,36.15,74.0,13043.0,12611.0,2020-08
2020-08-09,The Beach,The Beach,3,14.2,40.0,3920.0,3830.0,2020-08
2020-08-09,The Brunch Place,The Brunch Place - Central,1,3.18,10.0,363.0,317.0,2020-08
2020-08-10,Louvré,Louvré,4,20.310000000000002,117.0,4175.0,3997.0,2020-08
2020-08-10,Pizzeria,Pizzeria - Central,4,36.8,99.0,14792.0,14356.0,2020-08
2020-08-10,The Beach,The Beach,3,14.86,60.0,5130.0,5016.0,2020-08
2020-08-10,The Brunch Place,The Brunch Place - Central,1,5.2,8.0,526.0,482.0,2020-08
2020-08-11,Louvré,Louvré,4,16.91,88.0,3753.0,3615.0,2020-08
2020-08-11,Pizzeria,Pizzeria - Central,4,35.78,88.0,15340.0,14841.0,2020-08
2020-08-11,The Beach,The Beach,3,14.870000000000001,54.0,6001.0,5889.0,2020-08
2020-08-11,The Brunch Place,The Brunch Place - Central,1,4.69,8.0,540.0,501.0,2020-08
2020-08-12,Louvré,Louvré,3,15.2,91.0,3696.0,3559.0,2020-08
2020-08-12,Pizzeria,Pizzeria - Central,4,35.24,99.0,14588.0,14203.0,2020-08
2020-08-12,The Beach,The Beach,3,14.590000000000002,69.0,5133.0,5042.0,2020-08
2020-08-12,The Brunch Place,The Brunch Place - Central,1,5.06,14.0,572.0,510.0,2020-08
2020-08-13,Louvré,Louvré,3,14.63,81.0,2979.0,2845.0,2020-08
2020-08-13,Pizzeria,Pizzeria - Central,4,35.68,65.0,12427.0,12100.0,2020-08
2020-08-13,The Beach,The Beach,3,14.42,52.0,4516.0,4433.0,2020-08
2020-08-13,The Brunch Place,The Brunch Place - Central,1,5.19,7.0,589.0,560.0,2020-08
2020-08-14,Louvré,Louvré,3,14.440000000000001,66.0,2788.0,2697.0,2020-08
2020-08-14,Pizzeria,Pizzeria - Central,4,35.71,60.0,10706.0,10284.0,2020-08
2020-08-14,The Beach,The Beach,3,13.93,49.0,3698.0,3599.0,2020-08
2020-08-14,The Brunch Place,The Brunch Place - Central,1,1.68,3.0,296.0,279.0,2020-08
2020-08-15,Louvré,Louvré,3,15.09,72.0,3096.0,3014.0,2020-08
2020-08-15,Pizzeria,Pizzeria - Central,4,35.989999999999995,74.0,11463.0,10995.0,2020-08
2020-08-15,The Beach,The Beach,3,14.72,47.0,4760.0,4686.0,2020-08
2020-08-16,Louvré,Louvré,3,14.500000000000002,58.0,3406.0,3326.0,2020-08
2020-08-16,Pizzeria,Pizzeria - Central,4,35.78,47.0,12592.0,12099.0,2020-08
2020-08-16,The Beach,The Beach,3,14.190000000000001,66.0,4760.0,4683.0,2020-08
2020-08-16,The Brunch Place,The Brunch Place - Central,1,2.54,28.0,329.0,309.0,2020-08
2020-08-17,Louvré,Louvré,3,14.68,63.0,3606.0,3485.0,2020-08
2020-08-17,Pizzeria,Pizzeria - Central,4,37.81,78.0,13236.0,12716.0,2020-08
2020-08-17,The Beach,The Beach,3,14.26,52.0,5458.0,5368.0,2020-08
2020-08-17,The Brunch Place,The Brunch Place - Central,1,4.92,52.0,548.0,482.0,2020-08
2020-08-18,Louvré,Louvré,3,15.03,78.0,3868.0,3731.0,2020-08
2020-08-18,Pizzeria,Pizzeria - Central,4,35.58,75.0,13178.0,12830.0,2020-08
2020-08-18,The Beach,The Beach,3,14.42,47.0,5849.0,5753.0,2020-08
2020-08-18,The Brunch Place,The Brunch Place - Central,1,5.05,55.0,934.0,850.0,2020-08
2020-08-19,Louvré,Louvré,3,14.59,57.0,3518.0,3419.0,2020-08
2020-08-19,Pizzeria,Pizzeria - Central,4,35.370000000000005,71.0,13024.0,12264.0,2020-08
2020-08-19,The Beach,The Beach,3,14.119999999999997,54.0,5374.0,5292.0,2020-08
2020-08-19,The Brunch Place,The Brunch Place - Central,1,5.04,35.0,621.0,573.0,2020-08
2020-08-20,Louvré,Louvré,4,15.830000000000002,91.0,3762.0,3673.0,2020-08
2020-08-20,Pizzeria,Pizzeria - Central,4,36.07,78.0,13903.0,13434.0,2020-08
2020-08-20,The Beach,The Beach,3,14.86,46.0,5068.0,4983.0,2020-08
2020-08-20,The Brunch Place,The Brunch Place - Central,1,5.1,35.0,536.0,500.0,2020-08
2020-08-21,Louvré,Louvré,4,19.749999999999996,84.0,4375.0,4196.0,2020-08
2020-08-21,Pizzeria,Pizzeria - Central,4,35.42,91.0,15547.0,15146.0,2020-08
2020-08-21,The Beach,The Beach,3,14.05,39.0,4568.0,4511.0,2020-08
2020-08-21,The Brunch Place,The Brunch Place - Central,1,2.35,21.0,279.0,272.0,2020-08
2020-08-22,Louvré,Louvré,4,19.87,70.0,4413.0,4312.0,2020-08
2020-08-22,Pizzeria,Pizzeria - Central,4,35.99,81.0,13461.0,13133.0,2020-08
2020-08-22,The Beach,The Beach,3,14.44,49.0,4990.0,4900.0,2020-08
2020-08-22,The Brunch Place,The Brunch Place - Central,3,21.63,52.0,3414.0,3302.0,2020-08
2020-08-23,Louvré,Louvré,3,13.79,41.0,2296.0,2270.0,2020-08
2020-08-23,Pizzeria,Pizzeria - Central,4,35.92,61.0,13761.0,13487.0,2020-08
2020-08-23,The Beach,The Beach,3,14.409999999999998,45.0,5100.0,4998.0,2020-08
2020-08-23,The Brunch Place,The Brunch Place - Central,3,25.049999999999997,102.0,5730.0,5561.0,2020-08
2020-08-24,Louvré,Louvré,3,13.690000000000001,41.0,2408.0,2355.0,2020-08
2020-08-24,Pizzeria,Pizzeria - Central,4,37.650000000000006,69.0,12303.0,11944.0,2020-08
2020-08-24,The Beach,The Beach,3,14.53,50.0,5031.0,4941.0,2020-08
2020-08-24,The Brunch Place,The Brunch Place - Central,2,19.67,70.0,5851.0,5724.0,2020-08
2020-08-25,Louvré,Louvré,3,13.82,45.0,2525.0,2468.0,2020-08
2020-08-25,Pizzeria,Pizzeria - Central,4,35.91,80.0,11901.0,11610.0,2020-08
2020-08-25,The Beach,The Beach,3,14.59,49.0,5644.0,5559.0,2020-08
2020-08-25,The Brunch Place,The Brunch Place - Central,2,19.42,83.0,9016.0,8800.0,2020-08
2020-08-26,Louvré,Louvré,3,13.629999999999999,44.0,2340.0,2297.0,2020-08
2020-08-26,Pizzeria,Pizzeria - Central,4,35.55,77.0,12689.0,12294.0,2020-08
2020-08-26,The Beach,The Beach,3,14.030000000000001,37.0,4612.0,4532.0,2020-08
2020-08-27,Louvré,Louvré,3,12.829999999999998,40.0,2068.0,2039.0,2020-08
2020-08-27,Pizzeria,Pizzeria - Central,4,34.97,66.0,10889.0,10546.0,2020-08
2020-08-27,The Beach,The Beach,3,12.989999999999998,35.0,4590.0,4520.0,2020-08
2020-08-27,The Brunch Place,The Brunch Place - Central,3,23.9,125.0,8057.0,7938.0,2020-08
2020-08-28,Louvré,Louvré,3,14.200000000000001,46.0,2059.0,2037.0,2020-08
2020-08-28,Pizzeria,Pizzeria - Central,4,36.010000000000005,79.0,11488.0,11194.0,2020-08
2020-08-28,The Beach,The Beach,3,15.14,57.0,5106.0,5030.0,2020-08
2020-08-28,The Brunch Place,The Brunch Place - Central,3,25.93,100.0,9289.0,9110.0,2020-08
2020-08-29,Louvré,Louvré,3,13.969999999999999,43.0,2189.0,2153.0,2020-08
2020-08-29,Pizzeria,Pizzeria - Central,4,36.239999999999995,62.0,12767.0,12289.0,2020-08
2020-08-29,The Beach,The Beach,3,14.879999999999999,52.0,5100.0,5020.0,2020-08
2020-08-29,The Brunch Place,The Brunch Place - Central,3,24.84,117.0,9419.0,9219.0,2020-08
2020-08-30,Louvré,Louvré,3,8.1,39.0,1477.0,1467.0,2020-08
2020-08-30,Pizzeria,Pizzeria - Central,4,36.07,87.0,12362.0,12179.0,2020-08
2020-08-30,The Beach,The Beach,3,10.490000000000002,36.0,2980.0,2950.0,2020-08
2020-08-30,The Brunch Place,The Brunch Place - Central,3,25.78,99.0,11807.0,11728.0,2020-08
2020-08-31,Louvré,Louvré,1,4.54,16.0,676.0,620.0,2020-08
2020-08-31,Pizzeria,Pizzeria - Central,4,32.25,70.0,12400.0,12027.0,2020-08
2020-08-31,The Brunch Place,The Brunch Place - Central,2,18.04,94.0,12699.0,12469.0,2020-08
2020-09-01,Louvré,Louvré,1,7.2,27.0,1106.0,969.0,2020-09
2020-09-01,Pizzeria,Pizzeria - Central,4,34.21,85.0,18516.0,17926.0,2020-09
2020-09-01,The Brunch Place,The Brunch Place - Central,2,19.91,103.0,15003.0,14890.0,2020-09
2020-09-02,Louvré,Louvré,1,6.89,40.0,1183.0,1093.0,2020-09
2020-09-02,Pizzeria,Pizzeria - Central,4,33.95,73.0,17923.0,17426.0,2020-09
2020-09-03,Louvré,Louvré,1,7.02,35.0,1452.0,1382.0,2020-09
2020-09-03,Pizzeria,Pizzeria - Central,4,35.18,87.0,15336.0,15039.0,2020-09
2020-09-03,The Brunch Place,The Brunch Place - Central,3,25.64,146.0,18588.0,18253.0,2020-09
2020-09-04,Louvré,Louvré,1,6.41,17.0,1321.0,1255.0,2020-09
2020-09-04,Pizzeria,Pizzeria - Central,4,35.41,83.0,14567.0,14204.0,2020-09
2020-09-04,The Beach,The Beach,1,1.65,4.0,187.0,185.0,2020-09
2020-09-04,The Brunch Place,The Brunch Place - Central,3,22.92,104.0,15078.0,14818.0,2020-09
2020-09-05,Louvré,Louvré,1,6.89,21.0,1350.0,1298.0,2020-09
2020-09-05,Pizzeria,Pizzeria - Central,4,34.22,72.0,14895.0,14511.0,2020-09
2020-09-05,The Beach,The Beach,1,5.84,10.0,1077.0,1006.0,2020-09
2020-09-05,The Brunch Place,The Brunch Place - Central,3,26.009999999999998,118.0,13931.0,13791.0,2020-09
2020-09-06,Louvré,Louvré,1,7.43,24.0,1384.0,1334.0,2020-09
2020-09-06,Pizzeria,Pizzeria - Central,4,34.260000000000005,85.0,15035.0,14687.0,2020-09
2020-09-06,The Beach,The Beach,1,5.56,22.0,1196.0,1136.0,2020-09
2020-09-06,The Brunch Place,The Brunch Place - Central,3,31.480000000000004,113.0,14761.0,14632.0,2020-09
2020-09-07,Louvré,Louvré,1,7.42,38.0,1501.0,1460.0,2020-09
2020-09-07,Pizzeria,Pizzeria - Central,4,36.09,87.0,16413.0,15879.0,2020-09
2020-09-07,The Beach,The Beach,1,6.47,38.0,1717.0,1656.0,2020-09
2020-09-07,The Brunch Place,The Brunch Place - Central,2,18.39,94.0,13437.0,13337.0,2020-09
2020-09-08,Louvré,Louvré,1,6.92,23.0,1497.0,1396.0,2020-09
2020-09-08,Pizzeria,Pizzeria - Central,4,34.46,104.0,19770.0,19147.0,2020-09
2020-09-08,The Beach,The Beach,1,5.81,29.0,2111.0,2004.0,2020-09
2020-09-08,The Brunch Place,The Brunch Place - Central,2,20.08,102.0,16858.0,16727.0,2020-09
2020-09-09,Louvré,Louvré,1,6.22,26.0,1327.0,1276.0,2020-09
2020-09-09,Pizzeria,Pizzeria - Central,4,33.75,109.0,15007.0,14619.0,2020-09
2020-09-09,The Beach,The Beach,1,5.95,31.0,2144.0,2061.0,2020-09
2020-09-10,Louvré,Louvré,1,7.43,35.0,1264.0,1201.0,2020-09
2020-09-10,Pizzeria,Pizzeria - Central,4,34.36,89.0,16779.0,16459.0,2020-09
2020-09-10,The Beach,The Beach,1,5.76,34.0,1994.0,1921.0,2020-09
2020-09-10,The Brunch Place,The Brunch Place - Central,3,25.259999999999998,159.0,18840.0,18694.0,2020-09
2020-09-11,Louvré,Louvré,1,7.32,31.0,1639.0,1579.0,2020-09
2020-09-11,Pizzeria,Pizzeria - Central,4,34.77,73.0,17425.0,16875.0,2020-09
2020-09-11,The Beach,The Beach,1,5.71,34.0,2071.0,1989.0,2020-09
2020-09-11,The Brunch Place,The Brunch Place - Central,3,23.68,142.0,18306.0,18139.0,2020-09
2020-09-12,Louvré,Louvré,1,7.19,49.0,2162.0,2066.0,2020-09
2020-09-12,Pizzeria,Pizzeria - Central,4,34.7,106.0,23425.0,23062.0,2020-09
2020-09-12,The Beach,The Beach,1,5.98,40.0,2888.0,2771.0,2020-09
2020-09-12,The Brunch Place,The Brunch Place - Central,3,24.839999999999996,151.0,25707.0,25562.0,2020-09
2020-09-13,Louvré,Louvré,1,11.07,28.0,2388.0,2320.0,2020-09
2020-09-13,Pizzeria,Pizzeria - Central,4,31.340000000000003,94.0,18550.0,18030.0,2020-09
2020-09-13,The Beach,The Beach,1,2.91,14.0,1380.0,1347.0,2020-09
2020-09-13,The Brunch Place,The Brunch Place - Central,3,25.79,116.0,20149.0,19995.0,2020-09
2020-09-14,Pizzeria,Pizzeria - Central,3,24.55,92.0,16956.0,16477.0,2020-09
2020-09-14,The Brunch Place,The Brunch Place - Central,3,23.740000000000002,137.0,17476.0,17219.0,2020-09
2020-09-15,Pizzeria,Pizzeria - Central,3,23.939999999999998,86.0,20568.0,20368.0,2020-09
2020-09-15,The Brunch Place,The Brunch Place - Central,3,17.76,99.0,10153.0,9677.0,2020-09
2020-09-16,Pizzeria,Pizzeria - Central,3,22.75,107.0,17185.0,16659.0,2020-09
2020-09-16,The Brunch Place,The Brunch Place - Central,1,5.67,7.0,758.0,495.0,2020-09
2020-09-17,Pizzeria,Pizzeria - Central,3,24.49,112.0,16072.0,15697.0,2020-09
2020-09-17,The Brunch Place,The Brunch Place - Central,3,26.34,155.0,9328.0,8798.0,2020-09
2020-09-18,Pizzeria,Pizzeria - Central,3,23.03,90.0,12291.0,12005.0,2020-09
2020-09-18,The Brunch Place,The Brunch Place - Central,3,28.759999999999998,159.0,11192.0,10646.0,2020-09
2020-09-19,Pizzeria,Pizzeria - Central,3,21.89,95.0,15265.0,14797.0,2020-09
2020-09-19,The Brunch Place,The Brunch Place - Central,3,31.18,186.0,14910.0,14495.0,2020-09
2020-09-20,Pizzeria,Pizzeria - Central,7,51.95,150.0,17868.0,17255.0,2020-09
2020-09-20,The Beach,The Beach,2,13.23,35.0,2264.0,2230.0,2020-09
2020-09-20,The Brunch Place,The Brunch Place - Central,3,32.03,192.0,13674.0,13029.0,2020-09
2020-09-21,Pizzeria,Pizzeria - Central,5,45.82,135.0,14536.0,14097.0,2020-09
2020-09-21,The Beach,The Beach,2,26.11,50.0,4901.0,4775.0,2020-09
2020-09-21,The Brunch Place,The Brunch Place - Central,4,48.21,228.0,11671.0,10724.0,2020-09
2020-09-22,Pizzeria,Pizzeria - Central,5,44.230000000000004,124.0,13815.0,13110.0,2020-09
2020-09-22,The Beach,The Beach,2,27.22,40.0,4808.0,4685.0,2020-09
2020-09-22,The Brunch Place,The Brunch Place - Central,4,45.81,219.0,14075.0,13409.0,2020-09
2020-09-23,Pizzeria,Pizzeria - Central,5,42.29,142.0,16796.0,16519.0,2020-09
2020-09-23,The Beach,The Beach,2,27.0,34.0,4511.0,4414.0,2020-09
2020-09-23,The Brunch Place,The Brunch Place - Central,2,13.559999999999999,80.0,3881.0,3643.0,2020-09
2020-09-24,Pizzeria,Pizzeria - Central,5,43.43,132.0,16553.0,15904.0,2020-09
2020-09-24,The Beach,The Beach,2,27.599999999999998,46.0,4341.0,4246.0,2020-09
2020-09-24,The Brunch Place,The Brunch Place - Central,3,18.259999999999998,116.0,6814.0,6642.0,2020-09
2020-09-25,Pizzeria,Pizzeria - Central,5,43.879999999999995,145.0,17285.0,16527.0,2020-09
2020-09-25,The Beach,The Beach,2,28.139999999999997,51.0,4752.0,4644.0,2020-09
2020-09-26,Pizzeria,Pizzeria - Central,5,43.44,129.0,17354.0,16683.0,2020-09
2020-09-26,The Beach,The Beach,2,27.29,37.0,4103.0,4017.0,2020-09
2020-09-26,The Brunch Place,The Brunch Place - Central,1,5.69,34.0,656.0,652.0,2020-09
2020-09-27,Pizzeria,Pizzeria - Central,5,72.7,172.0,23530.0,22561.0,2020-09
2020-09-27,The Beach,The Beach,3,26.29,47.0,4200.0,4108.0,2020-09
2020-09-27,The Brunch Place,The Brunch Place - Central,3,20.54,115.0,3008.0,2886.0,2020-09
2020-09-28,Pizzeria,Pizzeria - Central,5,76.31,193.0,23820.0,23011.0,2020-09
2020-09-28,The Beach,The Beach,1,16.14,46.0,1911.0,1611.0,2020-09
2020-09-28,The Brunch Place,The Brunch Place - Central,3,39.96,201.0,6411.0,5807.0,2020-09
2020-09-29,Pizzeria,Pizzeria - Central,5,76.28,199.0,27297.0,26517.0,2020-09
2020-09-29,The Beach,The Beach,1,25.17,34.0,1735.0,1535.0,2020-09
2020-09-29,The Brunch Place,The Brunch Place - Central,3,37.68,202.0,6686.0,6307.0,2020-09
2020-09-30,Pizzeria,Pizzeria - Central,5,74.75,220.0,26525.0,25770.0,2020-09
2020-09-30,The Beach,The Beach,1,14.99,46.0,2046.0,1817.0,2020-09
2020-09-30,The Brunch Place,The Brunch Place - Central,3,37.56,185.0,6863.0,6468.0,2020-09
2020-10-01,Pizzeria,Pizzeria - Central,5,74.37,190.0,27451.0,26967.0,2020-10
2020-10-01,The Beach,The Beach,1,14.91,32.0,2851.0,2625.0,2020-10
2020-10-01,The Brunch Place,The Brunch Place - Central,3,34.47,148.0,7618.0,7242.0,2020-10
2020-10-02,Pizzeria,Pizzeria - Central,5,76.13,176.0,24133.0,22956.0,2020-10
2020-10-02,The Beach,The Beach,1,14.93,38.0,2814.0,2579.0,2020-10
2020-10-02,The Brunch Place,The Brunch Place - Central,7,52.94,209.0,9741.0,9528.0,2020-10
2020-10-03,Pizzeria,Pizzeria - Central,5,76.57000000000001,173.0,24677.0,23681.0,2020-10
2020-10-03,The Beach,The Beach,1,16.62,32.0,2736.0,2591.0,2020-10
2020-10-03,The Brunch Place,The Brunch Place - Central,7,43.07,131.0,6197.0,5903.0,2020-10
2020-10-04,Pizzeria,Pizzeria - Central,5,74.15,150.0,23898.0,22959.0,2020-10
2020-10-04,The Beach,The Beach,1,14.92,23.0,1979.0,1859.0,2020-10
2020-10-04,The Brunch Place,The Brunch Place - Central,4,35.260000000000005,129.0,5301.0,5037.0,2020-10
2020-10-05,Pizzeria,Pizzeria - Central,5,76.25,161.0,21210.0,20381.0,2020-10
2020-10-05,The Beach,The Beach,1,16.14,24.0,2184.0,2023.0,2020-10
2020-10-05,The Brunch Place,The Brunch Place - Central,4,37.980000000000004,100.0,5082.0,4891.0,2020-10
2020-10-06,Pizzeria,Pizzeria - Central,5,71.83,147.0,23018.0,22436.0,2020-10
2020-10-06,The Beach,The Beach,1,13.3,34.0,2112.0,1964.0,2020-10
2020-10-06,The Brunch Place,The Brunch Place - Central,4,37.48,126.0,7403.0,7050.0,2020-10
2020-10-07,Pizzeria,Pizzeria - Central,7,37.68,90.0,15447.0,15010.0,2020-10
2020-10-07,The Brunch Place,The Brunch Place - Central,4,35.48,135.0,8487.0,8119.0,2020-10
2020-10-08,Pizzeria,Pizzeria - Central,6,57.33,123.0,16777.0,15768.0,2020-10
2020-10-08,The Brunch Place,The Brunch Place - Central,4,34.120000000000005,99.0,7703.0,7392.0,2020-10
2020-10-09,Pizzeria,Pizzeria - Central,6,56.55,101.0,16223.0,15247.0,2020-10
2020-10-09,The Beach,The Beach,1,15.47,28.0,2157.0,2019.0,2020-10
2020-10-09,The Brunch Place,The Brunch Place - Central,4,36.92,102.0,8091.0,7729.0,2020-10
2020-10-10,Pizzeria,Pizzeria - Central,6,56.06,78.0,9111.0,8010.0,2020-10
2020-10-10,The Beach,The Beach,1,23.4,40.0,6372.0,5974.0,2020-10
2020-10-10,The Brunch Place,The Brunch Place - Central,4,41.769999999999996,112.0,8360.0,8040.0,2020-10
2020-10-11,Pizzeria,Pizzeria - Central,6,53.18000000000001,82.0,7942.0,7077.0,2020-10
2020-10-11,The Beach,The Beach,1,24.13,47.0,4275.0,4036.0,2020-10
2020-10-11,The Brunch Place,The Brunch Place - Central,4,36.300000000000004,122.0,8669.0,8260.0,2020-10
2020-10-12,Pizzeria,Pizzeria - Central,6,56.37,87.0,8701.0,7510.0,2020-10
2020-10-12,The Beach,The Beach,1,24.86,70.0,5244.0,4982.0,2020-10
2020-10-12,The Brunch Place,The Brunch Place - Central,4,37.45,131.0,11133.0,10653.0,2020-10
2020-10-13,Pizzeria,Pizzeria - Central,6,57.08,89.0,16084.0,10702.0,2020-10
2020-10-13,The Beach,The Beach,1,12.14,31.0,2731.0,2621.0,2020-10
2020-10-13,The Brunch Place,The Brunch Place - Central,4,27.29,112.0,7690.0,7410.0,2020-10
2020-10-14,Pizzeria,Pizzeria - Central,6,54.410000000000004,74.0,16275.0,9603.0,2020-10
2020-10-15,Pizzeria,Pizzeria - Central,6,60.0,78.0,17644.0,9913.0,2020-10
2020-10-15,The Beach,The Beach,1,7.5,13.0,1147.0,1131.0,2020-10
2020-10-15,The Brunch Place,The Brunch Place - Central,3,20.81,64.0,2156.0,2084.0,2020-10
2020-10-16,Pizzeria,Pizzeria - Central,6,60.25,88.0,17536.0,10880.0,2020-10
2020-10-16,The Beach,The Beach,1,19.69,47.0,5088.0,4850.0,2020-10
2020-10-16,The Brunch Place,The Brunch Place - Central,3,40.41,140.0,5504.0,5070.0,2020-10
2020-10-17,Pizzeria,Pizzeria - Central,6,60.42,61.0,16448.0,9001.0,2020-10
2020-10-17,The Beach,The Beach,1,19.98,51.0,4547.0,4344.0,2020-10
2020-10-17,The Brunch Place,The Brunch Place - Central,3,37.29,122.0,5544.0,5216.0,2020-10
2020-10-18,Pizzeria,Pizzeria - Central,6,63.82,56.0,9381.0,6425.0,2020-10
2020-10-18,The Beach,The Beach,1,20.24,30.0,3801.0,3632.0,2020-10
2020-10-18,The Brunch Place,The Brunch Place - Central,3,38.7,118.0,5550.0,5174.0,2020-10
2020-10-19,Pizzeria,Pizzeria - Central,6,63.29,71.0,9470.0,7457.0,2020-10
2020-10-19,The Beach,The Beach,1,20.64,46.0,5281.0,5113.0,2020-10
2020-10-19,The Brunch Place,The Brunch Place - Central,3,40.93000000000001,147.0,6449.0,5871.0,2020-10
2020-10-20,Pizzeria,Pizzeria - Central,6,61.47,85.0,15084.0,10775.0,2020-10
2020-10-20,The Beach,The Beach,1,11.95,37.0,2823.0,2755.0,2020-10
2020-10-20,The Brunch Place,The Brunch Place - Central,3,30.21,84.0,6055.0,5590.0,2020-10
2020-10-21,Pizzeria,Pizzeria - Central,6,61.760000000000005,75.0,19370.0,11727.0,2020-10
2020-10-22,Louvré,Louvré,2,8.030000000000001,22.0,1244.0,1177.0,2020-10
2020-10-22,Pizzeria,Pizzeria - Central,6,57.38,73.0,17693.0,10837.0,2020-10
2020-10-22,The Brunch Place,The Brunch Place - Central,1,15.13,48.0,2045.0,1860.0,2020-10
2020-10-23,Louvré,Louvré,2,10.09,30.0,2115.0,2046.0,2020-10
2020-10-23,Pizzeria,Pizzeria - Central,5,57.480000000000004,58.0,15518.0,9897.0,2020-10
2020-10-23,The Brunch Place,The Brunch Place - Central,1,23.57,91.0,4057.0,3719.0,2020-10
2020-10-24,Louvré,Louvré,2,9.92,30.0,2613.0,2539.0,2020-10
2020-10-24,Pizzeria,Pizzeria - Central,5,50.54,100.0,12472.0,11842.0,2020-10
2020-10-24,The Brunch Place,The Brunch Place - Central,1,24.67,80.0,4184.0,3869.0,2020-10
2020-10-25,Louvré,Louvré,2,9.61,39.0,2258.0,2170.0,2020-10
2020-10-25,Pizzeria,Pizzeria - Central,5,33.379999999999995,55.0,7581.0,7137.0,2020-10
2020-10-25,The Brunch Place,The Brunch Place - Central,1,23.13,83.0,3289.0,2962.0,2020-10
2020-10-26,Louvré,Louvré,2,10.57,50.0,2448.0,2344.0,2020-10
2020-10-26,Pizzeria,Pizzeria - Central,5,33.129999999999995,71.0,8407.0,8022.0,2020-10
2020-10-26,The Brunch Place,The Brunch Place - Central,1,23.87,81.0,3240.0,2958.0,2020-10
2020-10-27,Louvré,Louvré,1,1.78,1.0,508.0,497.0,2020-10
2020-10-27,Pizzeria,Pizzeria - Central,5,32.480000000000004,64.0,8620.0,8216.0,2020-10
2020-10-27,The Brunch Place,The Brunch Place - Central,1,25.49,95.0,3978.0,3607.0,2020-10
2020-10-28,Pizzeria,Pizzeria - Central,5,31.67,75.0,8856.0,8403.0,2020-10
2020-10-28,The Brunch Place,The Brunch Place - Central,1,23.61,86.0,4305.0,4020.0,2020-10
2020-10-29,Pizzeria,Pizzeria - Central,5,32.54,68.0,8396.0,8010.0,2020-10
2020-10-29,The Brunch Place,The Brunch Place - Central,1,22.17,71.0,3908.0,3659.0,2020-10
2020-10-30,Louvré,Louvré,2,6.92,28.0,925.0,881.0,2020-10
2020-10-30,Pizzeria,Pizzeria - Central,5,32.760000000000005,54.0,8585.0,8101.0,2020-10
2020-10-30,The Brunch Place,The Brunch Place - Central,1,18.36,68.0,3044.0,2864.0,2020-10
2020-10-31,Louvré,Louvré,3,11.75,35.0,2229.0,2163.0,2020-10
2020-10-31,Pizzeria,Pizzeria - Central,5,31.26,64.0,9555.0,9083.0,2020-10
2020-10-31,The Brunch Place,The Brunch Place - Central,3,17.68,40.0,2345.0,2199.0,2020-10
2020-11-01,Louvré,Louvré,3,10.72,58.0,2112.0,2048.0,2020-11
2020-11-01,Pizzeria,Pizzeria - Central,5,30.26,57.0,9142.0,8746.0,2020-11
2020-11-01,The Brunch Place,The Brunch Place - Central,3,20.040000000000003,52.0,2626.0,2504.0,2020-11
2020-11-02,Louvré,Louvré,3,11.85,62.0,2347.0,2276.0,2020-11
2020-11-02,Pizzeria,Pizzeria - Central,5,30.58,66.0,7990.0,7610.0,2020-11
2020-11-02,The Brunch Place,The Brunch Place - Central,3,19.77,33.0,2903.0,2764.0,2020-11
2020-11-03,Louvré,Louvré,3,11.69,76.0,2549.0,2485.0,2020-11
2020-11-03,Pizzeria,Pizzeria - Central,5,33.6,78.0,9681.0,9206.0,2020-11
2020-11-03,The Brunch Place,The Brunch Place - Central,3,19.52,42.0,3000.0,2819.0,2020-11
2020-11-04,Louvré,Louvré,3,7.17,29.0,1224.0,1208.0,2020-11
2020-11-04,Pizzeria,Pizzeria - Central,5,31.66,68.0,8367.0,7983.0,2020-11
2020-11-04,The Brunch Place,The Brunch Place - Central,3,18.07,39.0,2654.0,2519.0,2020-11
2020-11-05,Louvré,Louvré,2,6.04,27.0,846.0,818.0,2020-11
2020-11-05,Pizzeria,Pizzeria - Central,5,34.510000000000005,68.0,9528.0,9115.0,2020-11
2020-11-05,The Brunch Place,The Brunch Place - Central,2,20.35,48.0,3187.0,3041.0,2020-11
2020-11-06,Louvré,Louvré,2,5.87,14.0,719.0,713.0,2020-11
2020-11-06,Pizzeria,Pizzeria - Central,5,34.71,62.0,8726.0,8394.0,2020-11
2020-11-06,The Brunch Place,The Brunch Place - Central,3,19.91,38.0,3091.0,2969.0,2020-11
2020-11-07,Louvré,Louvré,2,5.88,15.0,864.0,857.0,2020-11
2020-11-07,Pizzeria,Pizzeria - Central,5,34.08,75.0,9652.0,9252.0,2020-11
2020-11-07,The Brunch Place,The Brunch Place - Central,3,21.72,45.0,2938.0,2807.0,2020-11
2020-11-08,Louvré,Louvré,2,6.34,25.0,826.0,813.0,2020-11
2020-11-08,Pizzeria,Pizzeria - Central,5,34.8,79.0,8912.0,8355.0,2020-11
2020-11-08,The Brunch Place,The Brunch Place - Central,3,20.49,44.0,2339.0,2231.0,2020-11
2020-11-09,Louvré,Louvré,2,6.5600000000000005,15.0,882.0,876.0,2020-11
2020-11-09,Pizzeria,Pizzeria - Central,5,33.44,57.0,8706.0,8347.0,2020-11
2020-11-09,The Brunch Place,The Brunch Place - Central,3,20.5,44.0,2455.0,2310.0,2020-11
2020-11-10,Louvré,Louvré,2,6.79,17.0,847.0,842.0,2020-11
2020-11-10,Pizzeria,Pizzeria - Central,5,28.26,62.0,7104.0,6744.0,2020-11
2020-11-10,The Brunch Place,The Brunch Place - Central,3,19.35,47.0,2263.0,2114.0,2020-11
2020-11-11,Louvré,Louvré,2,6.21,19.0,913.0,900.0,2020-11
2020-11-11,Pizzeria,Pizzeria - Central,3,14.41,21.0,2560.0,2328.0,2020-11
2020-11-11,The Brunch Place,The Brunch Place - Central,4,21.339999999999996,84.0,3153.0,2960.0,2020-11
2020-11-12,Louvré,Louvré,2,6.23,13.0,839.0,832.0,2020-11
2020-11-12,Pizzeria,Pizzeria - Central,5,23.479999999999997,42.0,5384.0,5144.0,2020-11
2020-11-12,The Brunch Place,The Brunch Place - Central,4,36.11,273.0,5275.0,5048.0,2020-11
2020-11-13,Louvré,Louvré,2,5.99,18.0,858.0,841.0,2020-11
2020-11-13,Pizzeria,Pizzeria - Central,5,28.449999999999996,62.0,7092.0,6764.0,2020-11
2020-11-13,The Brunch Place,The Brunch Place - Central,4,73.35,585.0,13585.0,13036.0,2020-11
2020-11-14,Louvré,Louvré,4,8.18,23.0,958.0,939.0,2020-11
2020-11-14,Pizzeria,Pizzeria - Central,5,28.200000000000003,48.0,6973.0,6225.0,2020-11
2020-11-14,The Brunch Place,The Brunch Place - Central,4,71.41,506.0,13960.0,13367.0,2020-11
2020-11-15,Louvré,Louvré,6,20.42,76.0,2234.0,2140.0,2020-11
2020-11-15,Pizzeria,Pizzeria - Central,5,28.75,37.0,6846.0,6046.0,2020-11
2020-11-15,The Brunch Place,The Brunch Place - Central,4,37.09,105.0,5970.0,5822.0,2020-11
2020-11-16,Louvré,Louvré,6,25.32,74.0,2746.0,2624.0,2020-11
2020-11-16,Pizzeria,Pizzeria - Central,5,28.54,44.0,6989.0,6751.0,2020-11
2020-11-16,The Brunch Place,The Brunch Place - Central,3,20.51,19.0,1828.0,1738.0,2020-11
2020-11-17,Louvré,Louvré,6,25.689999999999998,79.0,3093.0,2960.0,2020-11
2020-11-17,Pizzeria,Pizzeria - Central,5,27.4,51.0,6911.0,6658.0,2020-11
2020-11-17,The Brunch Place,The Brunch Place - Central,3,19.6,28.0,1743.0,1653.0,2020-11
2020-11-18,Louvré,Louvré,6,24.96,71.0,3137.0,3011.0,2020-11
2020-11-18,Pizzeria,Pizzeria - Central,6,33.47,53.0,8915.0,8586.0,2020-11
2020-11-18,The Brunch Place,The Brunch Place - Central,3,17.28,24.0,1825.0,1744.0,2020-11
2020-11-19,Louvré,Louvré,6,21.01,78.0,3308.0,3157.0,2020-11
2020-11-19,Pizzeria,Pizzeria - Central,6,35.74,80.0,9692.0,8552.0,2020-11
2020-11-19,The Brunch Place,The Brunch Place - Central,4,19.22,31.0,1968.0,1869.0,2020-11
2020-11-20,Louvré,Louvré,1,3.53,9.0,348.0,339.0,2020-11
2020-11-20,Pizzeria,Pizzeria - Central,6,35.71,80.0,10466.0,9811.0,2020-11
2020-11-20,The Brunch Place,The Brunch Place - Central,3,18.01,29.0,1745.0,1679.0,2020-11
2020-11-21,Pizzeria,Pizzeria - Central,7,52.28,115.0,12993.0,12424.0,2020-11
2020-11-21,The Beach,The Beach,1,8.36,94.0,1532.0,1502.0,2020-11
2020-11-21,The Brunch Place,The Brunch Place - Central,4,22.85,45.0,2193.0,2035.0,2020-11
2020-11-22,Pizzeria,Pizzeria - Central,7,73.44,165.0,14094.0,13236.0,2020-11
2020-11-22,The Beach,The Beach,1,13.49,120.0,2796.0,2592.0,2020-11
2020-11-22,The Brunch Place,The Brunch Place - Central,1,22.23,40.0,2629.0,1703.0,2020-11
2020-11-23,Pizzeria,Pizzeria - Central,7,121.49000000000001,242.0,21776.0,20163.0,2020-11
2020-11-23,The Beach,The Beach,1,13.64,112.0,2676.0,2541.0,2020-11
2020-11-23,The Brunch Place,The Brunch Place - Central,3,35.989999999999995,64.0,4137.0,3099.0,2020-11
2020-11-24,Pizzeria,Pizzeria - Central,7,91.50999999999999,148.0,13432.0,12101.0,2020-11
2020-11-24,The Beach,The Beach,1,16.09,95.0,3211.0,3070.0,2020-11
2020-11-24,The Brunch Place,The Brunch Place - Central,3,41.019999999999996,278.0,6728.0,5178.0,2020-11
2020-11-25,Pizzeria,Pizzeria - Central,7,94.35,199.0,20235.0,18931.0,2020-11
2020-11-25,The Beach,The Beach,1,13.76,97.0,2925.0,2772.0,2020-11
2020-11-25,The Brunch Place,The Brunch Place - Central,4,48.84,403.0,9531.0,7771.0,2020-11
2020-11-26,Pizzeria,Pizzeria - Central,7,120.15,222.0,22389.0,20586.0,2020-11
2020-11-26,The Beach,The Beach,1,16.9,86.0,3030.0,2879.0,2020-11
2020-11-26,The Brunch Place,The Brunch Place - Central,4,40.44,280.0,8864.0,7882.0,2020-11
2020-11-27,Pizzeria,Pizzeria - Central,7,79.94,144.0,17140.0,16235.0,2020-11
2020-11-27,The Beach,The Beach,1,15.7,66.0,2915.0,2787.0,2020-11
2020-11-27,The Brunch Place,The Brunch Place - Central,3,30.03,228.0,7139.0,6554.0,2020-11
2020-11-28,Louvré,Louvré,1,2.38,9.0,295.0,285.0,2020-11
2020-11-28,Pizzeria,Pizzeria - Central,6,64.75,102.0,15570.0,14739.0,2020-11
2020-11-28,The Beach,The Beach,1,0.81,6.0,471.0,465.0,2020-11
2020-11-28,The Brunch Place,The Brunch Place - Central,3,27.48,203.0,6998.0,6504.0,2020-11
2020-11-29,Louvré,Louvré,1,4.58,19.0,698.0,651.0,2020-11
2020-11-29,Pizzeria,Pizzeria - Central,6,61.39,95.0,13844.0,13173.0,2020-11
2020-11-29,The Brunch Place,The Brunch Place - Central,3,27.55,211.0,7891.0,7549.0,2020-11
2020-11-30,Louvré,Louvré,1,4.92,19.0,615.0,568.0,2020-11
2020-11-30,Pizzeria,Pizzeria - Central,6,58.169999999999995,80.0,13320.0,12738.0,2020-11
2020-11-30,The Brunch Place,The Brunch Place - Central,3,27.29,228.0,11363.0,11086.0,2020-11
2020-12-01,Louvré,Louvré,1,5.3,9.0,720.0,692.0,2020-12
2020-12-01,Pizzeria,Pizzeria - Central,6,37.93,62.0,8614.0,8128.0,2020-12
2020-12-01,The Brunch Place,The Brunch Place - Central,2,23.73,226.0,13039.0,12786.0,2020-12
2020-12-02,Louvré,Louvré,1,5.31,16.0,600.0,574.0,2020-12
2020-12-02,Pizzeria,Pizzeria - Central,6,32.28,82.0,11023.0,10646.0,2020-12
2020-12-02,The Brunch Place,The Brunch Place - Central,2,22.15,158.0,10901.0,10630.0,2020-12
2020-12-03,Louvré,Louvré,1,2.51,5.0,294.0,288.0,2020-12
2020-12-03,Pizzeria,Pizzeria - Central,6,40.39,69.0,10271.0,9923.0,2020-12
2020-12-03,The Brunch Place,The Brunch Place - Central,2,22.39,163.0,8504.0,8242.0,2020-12
2020-12-04,Pizzeria,Pizzeria - Central,6,41.82,78.0,10448.0,9916.0,2020-12
2020-12-04,The Brunch Place,The Brunch Place - Central,2,28.67,181.0,8715.0,8480.0,2020-12
2020-12-05,Pizzeria,Pizzeria - Central,6,42.19,90.0,10341.0,9790.0,2020-12
2020-12-05,The Brunch Place,The Brunch Place - Central,2,24.220000000000002,171.0,9581.0,9417.0,2020-12
2020-12-06,Pizzeria,Pizzeria - Central,6,39.87,65.0,9487.0,9086.0,2020-12
2020-12-06,The Brunch Place,The Brunch Place - Central,2,22.4,121.0,8203.0,7910.0,2020-12
2020-12-07,Pizzeria,Pizzeria - Central,7,40.169999999999995,76.0,8962.0,8586.0,2020-12
2020-12-07,The Brunch Place,The Brunch Place - Central,2,22.49,158.0,7450.0,7162.0,2020-12
2020-12-08,Pizzeria,Pizzeria - Central,6,34.93000000000001,65.0,8301.0,8098.0,2020-12
2020-12-08,The Brunch Place,The Brunch Place - Central,2,33.45,151.0,8488.0,8095.0,2020-12
2020-12-09,Pizzeria,Pizzeria - Central,6,20.47,48.0,6245.0,6121.0,2020-12
2020-12-09,The Brunch Place,The Brunch Place - Central,2,22.72,226.0,8141.0,7801.0,2020-12
2020-12-10,Pizzeria,Pizzeria - Central,6,38.8,71.0,7469.0,7203.0,2020-12
2020-12-10,The Brunch Place,The Brunch Place - Central,2,23.09,165.0,7840.0,7656.0,2020-12
2020-12-11,Pizzeria,Pizzeria - Central,6,37.09,71.0,7689.0,7390.0,2020-12
2020-12-11,The Brunch Place,The Brunch Place - Central,2,22.119999999999997,187.0,7398.0,7302.0,2020-12
2020-12-12,Pizzeria,Pizzeria - Central,6,34.09,67.0,8400.0,8224.0,2020-12
2020-12-12,The Brunch Place,The Brunch Place - Central,2,22.78,152.0,7709.0,7497.0,2020-12
2020-12-13,Pizzeria,Pizzeria - Central,6,40.34,54.0,7973.0,7792.0,2020-12
2020-12-13,The Brunch Place,The Brunch Place - Central,2,22.590000000000003,167.0,7061.0,6888.0,2020-12
2020-12-14,Pizzeria,Pizzeria - Central,6,41.53,80.0,8821.0,8540.0,2020-12
2020-12-14,The Brunch Place,The Brunch Place - Central,2,23.630000000000003,193.0,8027.0,7846.0,2020-12
2020-12-15,Pizzeria,Pizzeria - Central,6,38.68000000000001,91.0,8794.0,8486.0,2020-12
2020-12-15,The Brunch Place,The Brunch Place - Central,2,22.65,207.0,8407.0,8328.0,2020-12
2020-12-16,Pizzeria,Pizzeria - Central,6,40.24,100.0,9090.0,8755.0,2020-12
2020-12-16,The Brunch Place,The Brunch Place - Central,2,20.29,130.0,6947.0,6748.0,2020-12
2020-12-17,Pizzeria,Pizzeria - Central,6,40.129999999999995,79.0,8721.0,8419.0,2020-12
2020-12-17,The Brunch Place,The Brunch Place - Central,3,28.25,229.0,9285.0,8883.0,2020-12
2020-12-18,Louvré,Louvré,1,4.95,7.0,509.0,504.0,2020-12
2020-12-18,Pizzeria,Pizzeria - Central,6,30.660000000000004,60.0,5943.0,5704.0,2020-12
2020-12-18,The Brunch Place,The Brunch Place - Central,3,34.980000000000004,228.0,10006.0,9322.0,2020-12
2020-12-19,Louvré,Louvré,1,5.5,18.0,785.0,737.0,2020-12
2020-12-19,Pizzeria,Pizzeria - Central,6,34.15,69.0,6414.0,6164.0,2020-12
2020-12-19,The Brunch Place,The Brunch Place - Central,3,34.83,249.0,10280.0,9653.0,2020-12
2020-12-20,Louvré,Louvré,1,5.63,24.0,900.0,863.0,2020-12
2020-12-20,Pizzeria,Pizzeria - Central,6,29.770000000000003,49.0,4738.0,4501.0,2020-12
2020-12-20,The Brunch Place,The Brunch Place - Central,3,35.03,195.0,9441.0,8817.0,2020-12
2020-12-21,Louvré,Louvré,1,6.23,37.0,1111.0,1036.0,2020-12
2020-12-21,Pizzeria,Pizzeria - Central,6,29.61,43.0,4442.0,4190.0,2020-12
2020-12-21,The Brunch Place,The Brunch Place - Central,3,29.19,157.0,8492.0,8219.0,2020-12
2020-12-22,Louvré,Louvré,1,2.69,14.0,497.0,479.0,2020-12
2020-12-22,Pizzeria,Pizzeria - Central,6,31.630000000000003,67.0,5477.0,5099.0,2020-12
2020-12-22,The Brunch Place,The Brunch Place - Central,2,24.07,111.0,8997.0,8710.0,2020-12
2020-12-23,Pizzeria,Pizzeria - Central,6,30.820000000000004,64.0,4836.0,4543.0,2020-12
2020-12-23,The Brunch Place,The Brunch Place - Central,2,22.61,127.0,9320.0,9040.0,2020-12
2020-12-24,Pizzeria,Pizzeria - Central,6,29.619999999999997,59.0,4572.0,4272.0,2020-12
2020-12-24,The Brunch Place,The Brunch Place - Central,2,22.48,143.0,8711.0,8357.0,2020-12
2020-12-25,Pizzeria,Pizzeria - Central,6,27.36,39.0,4278.0,4133.0,2020-12
2020-12-25,The Brunch Place,The Brunch Place - Central,2,23.05,116.0,7594.0,7244.0,2020-12
2020-12-26,Pizzeria,Pizzeria - Central,7,32.06,63.0,5850.0,5601.0,2020-12
2020-12-26,The Brunch Place,The Brunch Place - Central,2,22.69,119.0,7074.0,6736.0,2020-12
2020-12-27,Pizzeria,Pizzeria - Central,7,33.400000000000006,56.0,6069.0,5811.0,2020-12
2020-12-27,The Brunch Place,The Brunch Place - Central,2,23.03,95.0,7637.0,7327.0,2020-12
2020-12-28,Pizzeria,Pizzeria - Central,7,32.75,46.0,7555.0,7241.0,2020-12
2020-12-28,The Brunch Place,The Brunch Place - Central,2,24.83,104.0,9195.0,8893.0,2020-12
2020-12-29,Pizzeria,Pizzeria - Central,7,29.61,46.0,7805.0,7550.0,2020-12
2020-12-29,The Brunch Place,The Brunch Place - Central,2,25.24,119.0,11907.0,11312.0,2020-12
2020-12-30,Pizzeria,Pizzeria - Central,8,29.13,52.0,7883.0,7640.0,2020-12
2020-12-30,The Brunch Place,The Brunch Place - Central,2,22.54,98.0,10050.0,9667.0,2020-12
2020-12-31,Pizzeria,Pizzeria - Central,8,10.879999999999999,12.0,2475.0,2445.0,2020-12
2020-12-31,The Brunch Place,The Brunch Place - Central,2,8.9,47.0,3789.0,3783.0,2020-12
